material_key,horizonte_meses,nombre_modelo,fold,cutoff,fecha,real,prediccion,abs_error,ape
cemento-portland,3,naive_last,1,2023-12-01,2024-01-01,89.8788,70.9061,18.972700000000003,21.109204840296048
cemento-portland,3,naive_last,1,2023-12-01,2024-02-01,112.259,70.9061,41.352900000000005,36.83704647288859
cemento-portland,3,naive_last,1,2023-12-01,2024-03-01,129.2336,70.9061,58.3275,45.133386363917744
cemento-portland,3,naive_last,2,2024-03-01,2024-04-01,134.4426,129.2336,5.209000000000003,3.8745159644338942
cemento-portland,3,naive_last,2,2024-03-01,2024-05-01,135.4348,129.2336,6.2012,4.578734564528467
cemento-portland,3,naive_last,2,2024-03-01,2024-06-01,141.6648,129.2336,12.431200000000018,8.77508033047025
cemento-portland,3,naive_last,3,2024-06-01,2024-07-01,132.9553,141.6648,8.70950000000002,6.550697866124946
cemento-portland,3,naive_last,3,2024-06-01,2024-08-01,137.0038,141.6648,4.661000000000001,3.4020954163315187
cemento-portland,3,naive_last,3,2024-06-01,2024-09-01,137.0038,141.6648,4.661000000000001,3.4020954163315187
cemento-portland,3,naive_last,4,2024-09-01,2024-10-01,139.445,137.0038,2.4411999999999807,1.7506543798630148
cemento-portland,3,naive_last,4,2024-09-01,2024-11-01,138.2005,137.0038,1.1966999999999928,0.8659158251959962
cemento-portland,3,naive_last,4,2024-09-01,2024-12-01,141.9286,137.0038,4.924799999999976,3.469913745362088
cemento-portland,3,naive_last,5,2024-12-01,2025-01-01,141.7318,141.9286,0.1967999999999961,0.13885380697909439
cemento-portland,3,naive_last,5,2024-12-01,2025-02-01,144.6363,141.9286,2.707700000000017,1.8720749908563872
cemento-portland,3,naive_last,5,2024-12-01,2025-03-01,144.6434,141.9286,2.714800000000025,1.8768917212952856
cemento-portland,3,naive_last,6,2025-03-01,2025-04-01,146.343,144.6434,1.6995999999999754,1.1613811388313589
cemento-portland,3,naive_last,6,2025-03-01,2025-05-01,151.2149,144.6434,6.571499999999986,4.345801901796706
cemento-portland,3,naive_last,6,2025-03-01,2025-06-01,155.4489,144.6434,10.805499999999995,6.951158869570639
cemento-portland,3,naive_last,7,2025-06-01,2025-07-01,161.9968,155.4489,6.5478999999999985,4.041993422092287
cemento-portland,3,naive_last,7,2025-06-01,2025-08-01,164.616,155.4489,9.167100000000005,5.5687782475579555
cemento-portland,3,naive_last,7,2025-06-01,2025-09-01,166.5168,155.4489,11.06789999999998,6.64671672768152
cemento-portland,3,naive_last,8,2025-09-01,2025-10-01,171.5127,166.5168,4.995900000000006,2.912845521060543
cemento-portland,3,naive_last,8,2025-09-01,2025-11-01,178.4027,166.5168,11.88590000000002,6.662399167725612
cemento-portland,3,naive_last,8,2025-09-01,2025-12-01,178.3729,166.5168,11.856099999999998,6.646805652652392
cemento-portland,3,naive_last,9,2025-12-01,2026-01-01,185.3053,178.3729,6.932400000000001,3.741069467521977
cemento-portland,3,naive_last,9,2025-12-01,2026-02-01,185.3296,178.3729,6.956700000000012,3.753690721827497
cemento-portland,3,naive_last,9,2025-12-01,2026-03-01,193.4146,178.3729,15.04170000000002,7.776920666795588
cemento-portland,3,prophet_base,1,2023-12-01,2024-01-01,89.8788,53.987007541823274,35.891792458176724,39.93354657402716
cemento-portland,3,prophet_base,1,2023-12-01,2024-02-01,112.259,56.079060069674135,56.179939930325865,50.04493174741078
cemento-portland,3,prophet_base,1,2023-12-01,2024-03-01,129.2336,58.03614146669588,71.19745853330411,55.09206470554416
cemento-portland,3,prophet_base,2,2024-03-01,2024-04-01,134.4426,83.25866419538589,51.18393580461411,38.071218352377976
cemento-portland,3,prophet_base,2,2024-03-01,2024-05-01,135.4348,86.47890213295263,48.95589786704737,36.14720726655732
cemento-portland,3,prophet_base,2,2024-03-01,2024-06-01,141.6648,89.80648133510492,51.858318664895094,36.60635434130079
cemento-portland,3,prophet_base,3,2024-06-01,2024-07-01,132.9553,112.55522953269474,20.400070467305255,15.343555666682903
cemento-portland,3,prophet_base,3,2024-06-01,2024-08-01,137.0038,116.8353751196379,20.16842488036211,14.721069693221727
cemento-portland,3,prophet_base,3,2024-06-01,2024-09-01,137.0038,121.11552070658107,15.888279293418947,11.596962488207586
cemento-portland,3,prophet_base,4,2024-09-01,2024-10-01,139.445,131.69691042259151,7.748089577408479,5.556376763174355
cemento-portland,3,prophet_base,4,2024-09-01,2024-11-01,138.2005,136.2585475296139,1.9419524703860986,1.405170365075451
cemento-portland,3,prophet_base,4,2024-09-01,2024-12-01,141.9286,140.67303505253884,1.2555649474611528,0.884645481926231
cemento-portland,3,prophet_base,5,2024-12-01,2025-01-01,141.7318,146.25695122049444,4.52515122049445,3.1927564741959467
cemento-portland,3,prophet_base,5,2024-12-01,2025-02-01,144.6363,150.86106969483305,6.224769694833043,4.303739583239507
cemento-portland,3,prophet_base,5,2024-12-01,2025-03-01,144.6434,155.0196283168163,10.376228316816281,7.173661789487997
cemento-portland,3,prophet_base,6,2025-03-01,2025-04-01,146.343,157.70800202852726,11.365002028527272,7.766003176460283
cemento-portland,3,prophet_base,6,2025-03-01,2025-05-01,151.2149,162.07555645400652,10.860656454006516,7.18226606902264
cemento-portland,3,prophet_base,6,2025-03-01,2025-06-01,155.4489,166.58869602700176,11.13979602700175,7.166210907251032
cemento-portland,3,prophet_base,7,2025-06-01,2025-07-01,161.9968,167.45101479546028,5.454214795460274,3.366865762447328
cemento-portland,3,prophet_base,7,2025-06-01,2025-08-01,164.616,171.8543136907183,7.238313690718286,4.39709000991294
cemento-portland,3,prophet_base,7,2025-06-01,2025-09-01,166.5168,176.25761258597626,9.740812585976272,5.849747644667849
cemento-portland,3,prophet_base,8,2025-09-01,2025-10-01,171.5127,178.89647131310738,7.383771313107388,4.30508721109713
cemento-portland,3,prophet_base,8,2025-09-01,2025-11-01,178.4027,183.2476037982976,4.844903798297594,2.7157121491421337
cemento-portland,3,prophet_base,8,2025-09-01,2025-12-01,178.3729,187.45837717106235,9.085477171062365,5.093529998706287
cemento-portland,3,prophet_base,9,2025-12-01,2026-01-01,185.3053,189.8386171076639,4.533317107663919,2.4464044512833247
cemento-portland,3,prophet_base,9,2025-12-01,2026-02-01,185.3296,194.1316647485905,8.80206474859051,4.7494111834215955
cemento-portland,3,prophet_base,9,2025-12-01,2026-03-01,193.4146,198.00925616620154,4.594656166201531,2.375547743656131
cemento-portland,3,prophet_ipim_nivel_general,1,2023-12-01,2024-01-01,89.8788,81.79571996850724,8.083080031492756,8.993311027175213
cemento-portland,3,prophet_ipim_nivel_general,1,2023-12-01,2024-02-01,112.259,90.41705877667258,21.841941223327424,19.456739524962295
cemento-portland,3,prophet_ipim_nivel_general,1,2023-12-01,2024-03-01,129.2336,99.97711104335896,29.256488956641036,22.638453897934465
cemento-portland,3,prophet_ipim_nivel_general,2,2024-03-01,2024-04-01,134.4426,131.18363888200696,3.2589611179930387,2.424053921891602
cemento-portland,3,prophet_ipim_nivel_general,2,2024-03-01,2024-05-01,135.4348,148.7353604980925,13.300560498092494,9.820637308943118
cemento-portland,3,prophet_ipim_nivel_general,2,2024-03-01,2024-06-01,141.6648,168.6495823164519,26.984782316451884,19.048332624937093
cemento-portland,3,prophet_ipim_nivel_general,3,2024-06-01,2024-07-01,132.9553,151.8323798888054,18.87707988880541,14.198064980339566
cemento-portland,3,prophet_ipim_nivel_general,3,2024-06-01,2024-08-01,137.0038,171.03037773328964,34.02657773328963,24.836229165387838
cemento-portland,3,prophet_ipim_nivel_general,3,2024-06-01,2024-09-01,137.0038,192.61139364151754,55.607593641517525,40.58835860138005
cemento-portland,3,prophet_ipim_nivel_general,4,2024-09-01,2024-10-01,139.445,156.23823521051656,16.79323521051657,12.042909541766697
cemento-portland,3,prophet_ipim_nivel_general,4,2024-09-01,2024-11-01,138.2005,171.70228197926957,33.501781979269566,24.241433264908277
cemento-portland,3,prophet_ipim_nivel_general,4,2024-09-01,2024-12-01,141.9286,188.67967958396179,46.7510795839618,32.939858199095745
cemento-portland,3,prophet_ipim_nivel_general,5,2024-12-01,2025-01-01,141.7318,149.8084089865765,8.076608986576503,5.698515778799467
cemento-portland,3,prophet_ipim_nivel_general,5,2024-12-01,2025-02-01,144.6363,154.64582273232588,10.009522732325877,6.920477592641595
cemento-portland,3,prophet_ipim_nivel_general,5,2024-12-01,2025-03-01,144.6434,159.65601566606472,15.012615666064704,10.379053358856819
cemento-portland,3,prophet_ipim_nivel_general,6,2025-03-01,2025-04-01,146.343,152.94604428452158,6.603044284521587,4.512032884744461
cemento-portland,3,prophet_ipim_nivel_general,6,2025-03-01,2025-05-01,151.2149,155.84274322706614,4.627843227066137,3.0604412839383794
cemento-portland,3,prophet_ipim_nivel_general,6,2025-03-01,2025-06-01,155.4489,158.79271639939776,3.3438163993977525,2.1510711233065996
cemento-portland,3,prophet_ipim_nivel_general,7,2025-06-01,2025-07-01,161.9968,157.35233979419718,4.6444602058028295,2.8670073765672095
cemento-portland,3,prophet_ipim_nivel_general,7,2025-06-01,2025-08-01,164.616,159.56388949245672,5.05211050754329,3.0690276203669686
cemento-portland,3,prophet_ipim_nivel_general,7,2025-06-01,2025-09-01,166.5168,161.81193086010998,4.7048691398900075,2.825462139489834
cemento-portland,3,prophet_ipim_nivel_general,8,2025-09-01,2025-10-01,171.5127,173.59777024854588,2.0850702485458896,1.2156943763032648
cemento-portland,3,prophet_ipim_nivel_general,8,2025-09-01,2025-11-01,178.4027,176.78604945908506,1.6166505409149465,0.9061805347760693
cemento-portland,3,prophet_ipim_nivel_general,8,2025-09-01,2025-12-01,178.3729,180.04800070961392,1.675100709613929,0.9391004517019845
cemento-portland,3,prophet_ipim_nivel_general,9,2025-12-01,2026-01-01,185.3053,182.81031545020852,2.494984549791468,1.346418343021742
cemento-portland,3,prophet_ipim_nivel_general,9,2025-12-01,2026-02-01,185.3296,186.42525170323438,1.095651703234381,0.5911908854464593
cemento-portland,3,prophet_ipim_nivel_general,9,2025-12-01,2026-03-01,193.4146,190.1415749445613,3.273025055438694,1.6922326729412847
cemento-portland,3,prophet_ipim_icc_var_materials,1,2023-12-01,2024-01-01,89.8788,82.7302580705647,7.1485419294352965,7.953535126676477
cemento-portland,3,prophet_ipim_icc_var_materials,1,2023-12-01,2024-02-01,112.259,94.09867016379684,18.16032983620316,16.177170504104936
cemento-portland,3,prophet_ipim_icc_var_materials,1,2023-12-01,2024-03-01,129.2336,106.79679092132312,22.436809078676873,17.36143625084875
cemento-portland,3,prophet_ipim_icc_var_materials,2,2024-03-01,2024-04-01,134.4426,135.98861410545996,1.5460141054599603,1.1499436231224034
cemento-portland,3,prophet_ipim_icc_var_materials,2,2024-03-01,2024-05-01,135.4348,153.84737159564366,18.41257159564367,13.595155451659153
cemento-portland,3,prophet_ipim_icc_var_materials,2,2024-03-01,2024-06-01,141.6648,174.0914954061438,32.42669540614378,22.889733657297914
cemento-portland,3,prophet_ipim_icc_var_materials,3,2024-06-01,2024-07-01,132.9553,155.30230864937445,22.34700864937446,16.80791111702539
cemento-portland,3,prophet_ipim_icc_var_materials,3,2024-06-01,2024-08-01,137.0038,173.93601545157452,36.93221545157451,26.957073783044343
cemento-portland,3,prophet_ipim_icc_var_materials,3,2024-06-01,2024-09-01,137.0038,194.84250417999777,57.83870417999776,42.21686126953979
cemento-portland,3,prophet_ipim_icc_var_materials,4,2024-09-01,2024-10-01,139.445,157.98552748812241,18.54052748812242,13.295942836331474
cemento-portland,3,prophet_ipim_icc_var_materials,4,2024-09-01,2024-11-01,138.2005,172.8347423437529,34.6342423437529,25.060866164560114
cemento-portland,3,prophet_ipim_icc_var_materials,4,2024-09-01,2024-12-01,141.9286,189.0959252773423,47.167325277342314,33.23313643433551
cemento-portland,3,prophet_ipim_icc_var_materials,5,2024-12-01,2025-01-01,141.7318,151.78912103203658,10.057321032036583,7.096022933481819
cemento-portland,3,prophet_ipim_icc_var_materials,5,2024-12-01,2025-02-01,144.6363,156.61026695123763,11.973966951237628,8.278673438989816
cemento-portland,3,prophet_ipim_icc_var_materials,5,2024-12-01,2025-03-01,144.6434,161.57221808895733,16.928818088957314,11.703830308854267
cemento-portland,3,prophet_ipim_icc_var_materials,6,2025-03-01,2025-04-01,146.343,154.53139538452808,8.188395384528093,5.595344761640867
cemento-portland,3,prophet_ipim_icc_var_materials,6,2025-03-01,2025-05-01,151.2149,157.46919696185483,6.254296961854834,4.136032204402366
cemento-portland,3,prophet_ipim_icc_var_materials,6,2025-03-01,2025-06-01,155.4489,160.46351252100973,5.014612521009724,3.2258912871108922
cemento-portland,3,prophet_ipim_icc_var_materials,7,2025-06-01,2025-07-01,161.9968,158.6814784297001,3.315321570299915,2.0465352218685275
cemento-portland,3,prophet_ipim_icc_var_materials,7,2025-06-01,2025-08-01,164.616,160.9523915950752,3.6636084049248154,2.2255481878582972
cemento-portland,3,prophet_ipim_icc_var_materials,7,2025-06-01,2025-09-01,166.5168,163.25829813698192,3.2585018630180684,1.9568607269765386
cemento-portland,3,prophet_ipim_icc_var_materials,8,2025-09-01,2025-10-01,171.5127,174.034548439606,2.5218484396060035,1.4703566788966669
cemento-portland,3,prophet_ipim_icc_var_materials,8,2025-09-01,2025-11-01,178.4027,177.23744656740098,1.1652534325990302,0.6531590792062173
cemento-portland,3,prophet_ipim_icc_var_materials,8,2025-09-01,2025-12-01,178.3729,180.50633574253328,2.133435742533294,1.196053740525211
cemento-portland,3,prophet_ipim_icc_var_materials,9,2025-12-01,2026-01-01,185.3053,183.36464961206406,1.940650387935932,1.0472719279674851
cemento-portland,3,prophet_ipim_icc_var_materials,9,2025-12-01,2026-02-01,185.3296,186.96660120828295,1.6370012082829533,0.8832918261750705
cemento-portland,3,prophet_ipim_icc_var_materials,9,2025-12-01,2026-03-01,193.4146,190.65392888265305,2.760671117346959,1.4273333643618211
cemento-portland,6,naive_last,1,2023-12-01,2024-01-01,89.8788,70.9061,18.972700000000003,21.109204840296048
cemento-portland,6,naive_last,1,2023-12-01,2024-02-01,112.259,70.9061,41.352900000000005,36.83704647288859
cemento-portland,6,naive_last,1,2023-12-01,2024-03-01,129.2336,70.9061,58.3275,45.133386363917744
cemento-portland,6,naive_last,1,2023-12-01,2024-04-01,134.4426,70.9061,63.536500000000004,47.259202068392014
cemento-portland,6,naive_last,1,2023-12-01,2024-05-01,135.4348,70.9061,64.5287,47.64558296685934
cemento-portland,6,naive_last,1,2023-12-01,2024-06-01,141.6648,70.9061,70.75870000000002,49.94797578509271
cemento-portland,6,naive_last,2,2024-06-01,2024-07-01,132.9553,141.6648,8.70950000000002,6.550697866124946
cemento-portland,6,naive_last,2,2024-06-01,2024-08-01,137.0038,141.6648,4.661000000000001,3.4020954163315187
cemento-portland,6,naive_last,2,2024-06-01,2024-09-01,137.0038,141.6648,4.661000000000001,3.4020954163315187
cemento-portland,6,naive_last,2,2024-06-01,2024-10-01,139.445,141.6648,2.2198000000000206,1.5918821040553772
cemento-portland,6,naive_last,2,2024-06-01,2024-11-01,138.2005,141.6648,3.4643000000000086,2.50672030853724
cemento-portland,6,naive_last,2,2024-06-01,2024-12-01,141.9286,141.6648,0.26379999999997494,0.18586810551219063
cemento-portland,6,naive_last,3,2024-12-01,2025-01-01,141.7318,141.9286,0.1967999999999961,0.13885380697909439
cemento-portland,6,naive_last,3,2024-12-01,2025-02-01,144.6363,141.9286,2.707700000000017,1.8720749908563872
cemento-portland,6,naive_last,3,2024-12-01,2025-03-01,144.6434,141.9286,2.714800000000025,1.8768917212952856
cemento-portland,6,naive_last,3,2024-12-01,2025-04-01,146.343,141.9286,4.4144000000000005,3.0164749936792337
cemento-portland,6,naive_last,3,2024-12-01,2025-05-01,151.2149,141.9286,9.286300000000011,6.141127626973275
cemento-portland,6,naive_last,3,2024-12-01,2025-06-01,155.4489,141.9286,13.52030000000002,8.69758486550887
cemento-portland,6,naive_last,4,2025-06-01,2025-07-01,161.9968,155.4489,6.5478999999999985,4.041993422092287
cemento-portland,6,naive_last,4,2025-06-01,2025-08-01,164.616,155.4489,9.167100000000005,5.5687782475579555
cemento-portland,6,naive_last,4,2025-06-01,2025-09-01,166.5168,155.4489,11.06789999999998,6.64671672768152
cemento-portland,6,naive_last,4,2025-06-01,2025-10-01,171.5127,155.4489,16.063799999999986,9.36595365824221
cemento-portland,6,naive_last,4,2025-06-01,2025-11-01,178.4027,155.4489,22.9538,12.866285095461
cemento-portland,6,naive_last,4,2025-06-01,2025-12-01,178.3729,155.4489,22.923999999999978,12.851728037162585
cemento-portland,6,prophet_base,1,2023-12-01,2024-01-01,89.8788,53.987007541823274,35.891792458176724,39.93354657402716
cemento-portland,6,prophet_base,1,2023-12-01,2024-02-01,112.259,56.079060069674135,56.179939930325865,50.04493174741078
cemento-portland,6,prophet_base,1,2023-12-01,2024-03-01,129.2336,58.03614146669588,71.19745853330411,55.09206470554416
cemento-portland,6,prophet_base,1,2023-12-01,2024-04-01,134.4426,60.128193994546734,74.31440600545326,55.27593635161271
cemento-portland,6,prophet_base,1,2023-12-01,2024-05-01,135.4348,62.15276095698304,73.28203904301697,54.108721719245686
cemento-portland,6,prophet_base,1,2023-12-01,2024-06-01,141.6648,64.24481348483388,77.41998651516613,54.65012234172929
cemento-portland,6,prophet_base,2,2024-06-01,2024-07-01,132.9553,112.55522953269474,20.400070467305255,15.343555666682903
cemento-portland,6,prophet_base,2,2024-06-01,2024-08-01,137.0038,116.8353751196379,20.16842488036211,14.721069693221727
cemento-portland,6,prophet_base,2,2024-06-01,2024-09-01,137.0038,121.11552070658107,15.888279293418947,11.596962488207586
cemento-portland,6,prophet_base,2,2024-06-01,2024-10-01,139.445,125.25759708104219,14.187402918957801,10.174192634341713
cemento-portland,6,prophet_base,2,2024-06-01,2024-11-01,138.2005,129.53774266798536,8.66275733201465,6.268253249456151
cemento-portland,6,prophet_base,2,2024-06-01,2024-12-01,141.9286,133.67981904244647,8.248780957553521,5.8119230074512975
cemento-portland,6,prophet_base,3,2024-12-01,2025-01-01,141.7318,146.25695122049444,4.52515122049445,3.1927564741959467
cemento-portland,6,prophet_base,3,2024-12-01,2025-02-01,144.6363,150.86106969483305,6.224769694833043,4.303739583239507
cemento-portland,6,prophet_base,3,2024-12-01,2025-03-01,144.6434,155.0196283168163,10.376228316816281,7.173661789487997
cemento-portland,6,prophet_base,3,2024-12-01,2025-04-01,146.343,159.62374679115487,13.280746791154883,9.075081685598137
cemento-portland,6,prophet_base,3,2024-12-01,2025-05-01,151.2149,164.07934531470832,12.86444531470832,8.507392667460891
cemento-portland,6,prophet_base,3,2024-12-01,2025-06-01,155.4489,168.68346378904693,13.234563789046916,8.513771270846506
cemento-portland,6,prophet_base,4,2025-06-01,2025-07-01,161.9968,167.45101479546028,5.454214795460274,3.366865762447328
cemento-portland,6,prophet_base,4,2025-06-01,2025-08-01,164.616,171.8543136907183,7.238313690718286,4.39709000991294
cemento-portland,6,prophet_base,4,2025-06-01,2025-09-01,166.5168,176.25761258597626,9.740812585976272,5.849747644667849
cemento-portland,6,prophet_base,4,2025-06-01,2025-10-01,171.5127,180.51886958138724,9.00616958138724,5.251021983437519
cemento-portland,6,prophet_base,4,2025-06-01,2025-11-01,178.4027,184.9221684766452,6.519468476645187,3.654355274132727
cemento-portland,6,prophet_base,4,2025-06-01,2025-12-01,178.3729,189.18342547205611,10.810525472056128,6.060632232842617
cemento-portland,6,prophet_ipim_nivel_general,1,2023-12-01,2024-01-01,89.8788,81.79571996850724,8.083080031492756,8.993311027175213
cemento-portland,6,prophet_ipim_nivel_general,1,2023-12-01,2024-02-01,112.259,90.41705877667258,21.841941223327424,19.456739524962295
cemento-portland,6,prophet_ipim_nivel_general,1,2023-12-01,2024-03-01,129.2336,99.97711104335896,29.256488956641036,22.638453897934465
cemento-portland,6,prophet_ipim_nivel_general,1,2023-12-01,2024-04-01,134.4426,110.67082145912192,23.771778540878074,17.681730746711292
cemento-portland,6,prophet_ipim_nivel_general,1,2023-12-01,2024-05-01,135.4348,122.57433074203243,12.860469257967566,9.495690367592056
cemento-portland,6,prophet_ipim_nivel_general,1,2023-12-01,2024-06-01,141.6648,135.87516647137042,5.789633528629594,4.086853988167557
cemento-portland,6,prophet_ipim_nivel_general,2,2024-06-01,2024-07-01,132.9553,151.8323798888054,18.87707988880541,14.198064980339566
cemento-portland,6,prophet_ipim_nivel_general,2,2024-06-01,2024-08-01,137.0038,171.03037773328964,34.02657773328963,24.836229165387838
cemento-portland,6,prophet_ipim_nivel_general,2,2024-06-01,2024-09-01,137.0038,192.61139364151754,55.607593641517525,40.58835860138005
cemento-portland,6,prophet_ipim_nivel_general,2,2024-06-01,2024-10-01,139.445,216.87347135337419,77.42847135337419,55.52617257942142
cemento-portland,6,prophet_ipim_nivel_general,2,2024-06-01,2024-11-01,138.2005,244.13806700625804,105.93756700625804,76.65498099229599
cemento-portland,6,prophet_ipim_nivel_general,2,2024-06-01,2024-12-01,141.9286,274.7843897141052,132.8557897141052,93.60748271603131
cemento-portland,6,prophet_ipim_nivel_general,3,2024-12-01,2025-01-01,141.7318,149.8084089865765,8.076608986576503,5.698515778799467
cemento-portland,6,prophet_ipim_nivel_general,3,2024-12-01,2025-02-01,144.6363,154.64582273232588,10.009522732325877,6.920477592641595
cemento-portland,6,prophet_ipim_nivel_general,3,2024-12-01,2025-03-01,144.6434,159.65601566606472,15.012615666064704,10.379053358856819
cemento-portland,6,prophet_ipim_nivel_general,3,2024-12-01,2025-04-01,146.343,164.81837067740884,18.475370677408847,12.624704070169976
cemento-portland,6,prophet_ipim_nivel_general,3,2024-12-01,2025-05-01,151.2149,170.15537107419408,18.94047107419408,12.525532255216964
cemento-portland,6,prophet_ipim_nivel_general,3,2024-12-01,2025-06-01,155.4489,175.66390999668118,20.215009996681175,13.00427986089395
cemento-portland,6,prophet_ipim_nivel_general,4,2025-06-01,2025-07-01,161.9968,157.35233979419718,4.6444602058028295,2.8670073765672095
cemento-portland,6,prophet_ipim_nivel_general,4,2025-06-01,2025-08-01,164.616,159.56388949245672,5.05211050754329,3.0690276203669686
cemento-portland,6,prophet_ipim_nivel_general,4,2025-06-01,2025-09-01,166.5168,161.81193086010998,4.7048691398900075,2.825462139489834
cemento-portland,6,prophet_ipim_nivel_general,4,2025-06-01,2025-10-01,171.5127,164.1051723077722,7.407527692227802,4.31893830149476
cemento-portland,6,prophet_ipim_nivel_general,4,2025-06-01,2025-11-01,178.4027,166.42782582918238,11.974874170817628,6.7122718270618265
cemento-portland,6,prophet_ipim_nivel_general,4,2025-06-01,2025-12-01,178.3729,168.7967840898154,9.576115910184598,5.368593497209833
cemento-portland,6,prophet_ipim_icc_var_materials,1,2023-12-01,2024-01-01,89.8788,82.7302580705647,7.1485419294352965,7.953535126676477
cemento-portland,6,prophet_ipim_icc_var_materials,1,2023-12-01,2024-02-01,112.259,94.09867016379684,18.16032983620316,16.177170504104936
cemento-portland,6,prophet_ipim_icc_var_materials,1,2023-12-01,2024-03-01,129.2336,106.79679092132312,22.436809078676873,17.36143625084875
cemento-portland,6,prophet_ipim_icc_var_materials,1,2023-12-01,2024-04-01,134.4426,121.02528761510322,13.417312384896775,9.979956044361515
cemento-portland,6,prophet_ipim_icc_var_materials,1,2023-12-01,2024-05-01,135.4348,136.9405244593863,1.5057244593863004,1.1117707261252652
cemento-portland,6,prophet_ipim_icc_var_materials,1,2023-12-01,2024-06-01,141.6648,154.76712051609798,13.102320516097961,9.248818701680277
cemento-portland,6,prophet_ipim_icc_var_materials,2,2024-06-01,2024-07-01,132.9553,155.30230864937445,22.34700864937446,16.80791111702539
cemento-portland,6,prophet_ipim_icc_var_materials,2,2024-06-01,2024-08-01,137.0038,173.93601545157452,36.93221545157451,26.957073783044343
cemento-portland,6,prophet_ipim_icc_var_materials,2,2024-06-01,2024-09-01,137.0038,194.84250417999777,57.83870417999776,42.21686126953979
cemento-portland,6,prophet_ipim_icc_var_materials,2,2024-06-01,2024-10-01,139.445,218.29558651781346,78.85058651781347,56.54601206053531
cemento-portland,6,prophet_ipim_icc_var_materials,2,2024-06-01,2024-11-01,138.2005,244.62273802527125,106.42223802527124,77.00568234215595
cemento-portland,6,prophet_ipim_icc_var_materials,2,2024-06-01,2024-12-01,141.9286,274.1647362887485,132.2361362887485,93.17088753693653
cemento-portland,6,prophet_ipim_icc_var_materials,3,2024-12-01,2025-01-01,141.7318,151.78912103203658,10.057321032036583,7.096022933481819
cemento-portland,6,prophet_ipim_icc_var_materials,3,2024-12-01,2025-02-01,144.6363,156.61026695123763,11.973966951237628,8.278673438989816
cemento-portland,6,prophet_ipim_icc_var_materials,3,2024-12-01,2025-03-01,144.6434,161.57221808895733,16.928818088957314,11.703830308854267
cemento-portland,6,prophet_ipim_icc_var_materials,3,2024-12-01,2025-04-01,146.343,166.7012964629452,20.35829646294522,13.911356513769174
cemento-portland,6,prophet_ipim_icc_var_materials,3,2024-12-01,2025-05-01,151.2149,171.98823521507526,20.773335215075264,13.737624543001559
cemento-portland,6,prophet_ipim_icc_var_materials,3,2024-12-01,2025-06-01,155.4489,177.44537675878968,21.99647675878967,14.15029425025823
cemento-portland,6,prophet_ipim_icc_var_materials,4,2025-06-01,2025-07-01,161.9968,158.6814784297001,3.315321570299915,2.0465352218685275
cemento-portland,6,prophet_ipim_icc_var_materials,4,2025-06-01,2025-08-01,164.616,160.9523915950752,3.6636084049248154,2.2255481878582972
cemento-portland,6,prophet_ipim_icc_var_materials,4,2025-06-01,2025-09-01,166.5168,163.25829813698192,3.2585018630180684,1.9568607269765386
cemento-portland,6,prophet_ipim_icc_var_materials,4,2025-06-01,2025-10-01,171.5127,165.60270483572947,5.909995164270526,3.4458061497897976
cemento-portland,6,prophet_ipim_icc_var_materials,4,2025-06-01,2025-11-01,178.4027,167.98016006898496,10.422539931015052,5.842142484959618
cemento-portland,6,prophet_ipim_icc_var_materials,4,2025-06-01,2025-12-01,178.3729,170.3971747626553,7.975725237344676,4.471377231263649
cemento-portland,12,naive_last,1,2023-12-01,2024-01-01,89.8788,70.9061,18.972700000000003,21.109204840296048
cemento-portland,12,naive_last,1,2023-12-01,2024-02-01,112.259,70.9061,41.352900000000005,36.83704647288859
cemento-portland,12,naive_last,1,2023-12-01,2024-03-01,129.2336,70.9061,58.3275,45.133386363917744
cemento-portland,12,naive_last,1,2023-12-01,2024-04-01,134.4426,70.9061,63.536500000000004,47.259202068392014
cemento-portland,12,naive_last,1,2023-12-01,2024-05-01,135.4348,70.9061,64.5287,47.64558296685934
cemento-portland,12,naive_last,1,2023-12-01,2024-06-01,141.6648,70.9061,70.75870000000002,49.94797578509271
cemento-portland,12,naive_last,1,2023-12-01,2024-07-01,132.9553,70.9061,62.0492,46.669218902894436
cemento-portland,12,naive_last,1,2023-12-01,2024-08-01,137.0038,70.9061,66.09770000000002,48.24515816349621
cemento-portland,12,naive_last,1,2023-12-01,2024-09-01,137.0038,70.9061,66.09770000000002,48.24515816349621
cemento-portland,12,naive_last,1,2023-12-01,2024-10-01,139.445,70.9061,68.5389,49.15120656889813
cemento-portland,12,naive_last,1,2023-12-01,2024-11-01,138.2005,70.9061,67.29440000000001,48.69331152926365
cemento-portland,12,naive_last,1,2023-12-01,2024-12-01,141.9286,70.9061,71.0225,50.04100653427146
cemento-portland,12,naive_last,2,2024-12-01,2025-01-01,141.7318,141.9286,0.1967999999999961,0.13885380697909439
cemento-portland,12,naive_last,2,2024-12-01,2025-02-01,144.6363,141.9286,2.707700000000017,1.8720749908563872
cemento-portland,12,naive_last,2,2024-12-01,2025-03-01,144.6434,141.9286,2.714800000000025,1.8768917212952856
cemento-portland,12,naive_last,2,2024-12-01,2025-04-01,146.343,141.9286,4.4144000000000005,3.0164749936792337
cemento-portland,12,naive_last,2,2024-12-01,2025-05-01,151.2149,141.9286,9.286300000000011,6.141127626973275
cemento-portland,12,naive_last,2,2024-12-01,2025-06-01,155.4489,141.9286,13.52030000000002,8.69758486550887
cemento-portland,12,naive_last,2,2024-12-01,2025-07-01,161.9968,141.9286,20.06820000000002,12.388022479456396
cemento-portland,12,naive_last,2,2024-12-01,2025-08-01,164.616,141.9286,22.687400000000025,13.782013899013476
cemento-portland,12,naive_last,2,2024-12-01,2025-09-01,166.5168,141.9286,24.5882,14.766197765030316
cemento-portland,12,naive_last,2,2024-12-01,2025-10-01,171.5127,141.9286,29.584100000000007,17.248926755861234
cemento-portland,12,naive_last,2,2024-12-01,2025-11-01,178.4027,141.9286,36.47410000000002,20.44481389575383
cemento-portland,12,naive_last,2,2024-12-01,2025-12-01,178.3729,141.9286,36.4443,20.431522949954843
cemento-portland,12,prophet_base,1,2023-12-01,2024-01-01,89.8788,53.987007541823274,35.891792458176724,39.93354657402716
cemento-portland,12,prophet_base,1,2023-12-01,2024-02-01,112.259,56.079060069674135,56.179939930325865,50.04493174741078
cemento-portland,12,prophet_base,1,2023-12-01,2024-03-01,129.2336,58.03614146669588,71.19745853330411,55.09206470554416
cemento-portland,12,prophet_base,1,2023-12-01,2024-04-01,134.4426,60.128193994546734,74.31440600545326,55.27593635161271
cemento-portland,12,prophet_base,1,2023-12-01,2024-05-01,135.4348,62.15276095698304,73.28203904301697,54.108721719245686
cemento-portland,12,prophet_base,1,2023-12-01,2024-06-01,141.6648,64.24481348483388,77.41998651516613,54.65012234172929
cemento-portland,12,prophet_base,1,2023-12-01,2024-07-01,132.9553,66.26938044727018,66.68591955272981,50.15664629595798
cemento-portland,12,prophet_base,1,2023-12-01,2024-08-01,137.0038,68.36143297512105,68.64236702487896,50.102527831256474
cemento-portland,12,prophet_base,1,2023-12-01,2024-09-01,137.0038,70.45348550297189,66.55031449702813,48.5755245453251
cemento-portland,12,prophet_base,1,2023-12-01,2024-10-01,139.445,72.47805246540818,66.96694753459181,48.02391447136277
cemento-portland,12,prophet_base,1,2023-12-01,2024-11-01,138.2005,74.57010499325904,63.63039500674097,46.042087406876945
cemento-portland,12,prophet_base,1,2023-12-01,2024-12-01,141.9286,76.59467195569533,65.33392804430466,46.03295462951418
cemento-portland,12,prophet_base,2,2024-12-01,2025-01-01,141.7318,146.25695122049444,4.52515122049445,3.1927564741959467
cemento-portland,12,prophet_base,2,2024-12-01,2025-02-01,144.6363,150.86106969483305,6.224769694833043,4.303739583239507
cemento-portland,12,prophet_base,2,2024-12-01,2025-03-01,144.6434,155.0196283168163,10.376228316816281,7.173661789487997
cemento-portland,12,prophet_base,2,2024-12-01,2025-04-01,146.343,159.62374679115487,13.280746791154883,9.075081685598137
cemento-portland,12,prophet_base,2,2024-12-01,2025-05-01,151.2149,164.07934531470832,12.86444531470832,8.507392667460891
cemento-portland,12,prophet_base,2,2024-12-01,2025-06-01,155.4489,168.68346378904693,13.234563789046916,8.513771270846506
cemento-portland,12,prophet_base,2,2024-12-01,2025-07-01,161.9968,173.1390623126004,11.142262312600394,6.87807556235703
cemento-portland,12,prophet_base,2,2024-12-01,2025-08-01,164.616,177.743180786939,13.127180786938993,7.97442580729637
cemento-portland,12,prophet_base,2,2024-12-01,2025-09-01,166.5168,182.34729926127758,15.830499261277595,9.506848114591197
cemento-portland,12,prophet_base,2,2024-12-01,2025-10-01,171.5127,186.80289778483103,15.290197784831037,8.914907050516398
cemento-portland,12,prophet_base,2,2024-12-01,2025-11-01,178.4027,191.4070162591697,13.004316259169684,7.289304623287475
cemento-portland,12,prophet_base,2,2024-12-01,2025-12-01,178.3729,195.8626147827231,17.489714782723127,9.805141242152327
cemento-portland,12,prophet_ipim_nivel_general,1,2023-12-01,2024-01-01,89.8788,81.79571996850724,8.083080031492756,8.993311027175213
cemento-portland,12,prophet_ipim_nivel_general,1,2023-12-01,2024-02-01,112.259,90.41705877667258,21.841941223327424,19.456739524962295
cemento-portland,12,prophet_ipim_nivel_general,1,2023-12-01,2024-03-01,129.2336,99.97711104335896,29.256488956641036,22.638453897934465
cemento-portland,12,prophet_ipim_nivel_general,1,2023-12-01,2024-04-01,134.4426,110.67082145912192,23.771778540878074,17.681730746711292
cemento-portland,12,prophet_ipim_nivel_general,1,2023-12-01,2024-05-01,135.4348,122.57433074203243,12.860469257967566,9.495690367592056
cemento-portland,12,prophet_ipim_nivel_general,1,2023-12-01,2024-06-01,141.6648,135.87516647137042,5.789633528629594,4.086853988167557
cemento-portland,12,prophet_ipim_nivel_general,1,2023-12-01,2024-07-01,132.9553,150.70288901865388,17.747589018653883,13.348538206941644
cemento-portland,12,prophet_ipim_nivel_general,1,2023-12-01,2024-08-01,137.0038,167.28359133937158,30.27979133937157,22.101424441783053
cemento-portland,12,prophet_ipim_nivel_general,1,2023-12-01,2024-09-01,137.0038,185.8091257663965,48.80532576639649,35.62333728436473
cemento-portland,12,prophet_ipim_nivel_general,1,2023-12-01,2024-10-01,139.445,206.49699364485264,67.05199364485264,48.08490347079684
cemento-portland,12,prophet_ipim_nivel_general,1,2023-12-01,2024-11-01,138.2005,229.65057323362555,91.45007323362555,66.17202776663294
cemento-portland,12,prophet_ipim_nivel_general,1,2023-12-01,2024-12-01,141.9286,255.5293657598668,113.60076575986682,80.04078512707574
cemento-portland,12,prophet_ipim_nivel_general,2,2024-12-01,2025-01-01,141.7318,149.8084089865765,8.076608986576503,5.698515778799467
cemento-portland,12,prophet_ipim_nivel_general,2,2024-12-01,2025-02-01,144.6363,154.64582273232588,10.009522732325877,6.920477592641595
cemento-portland,12,prophet_ipim_nivel_general,2,2024-12-01,2025-03-01,144.6434,159.65601566606472,15.012615666064704,10.379053358856819
cemento-portland,12,prophet_ipim_nivel_general,2,2024-12-01,2025-04-01,146.343,164.81837067740884,18.475370677408847,12.624704070169976
cemento-portland,12,prophet_ipim_nivel_general,2,2024-12-01,2025-05-01,151.2149,170.15537107419408,18.94047107419408,12.525532255216964
cemento-portland,12,prophet_ipim_nivel_general,2,2024-12-01,2025-06-01,155.4489,175.66390999668118,20.215009996681175,13.00427986089395
cemento-portland,12,prophet_ipim_nivel_general,2,2024-12-01,2025-07-01,161.9968,181.35823085519525,19.361430855195238,11.95173661158445
cemento-portland,12,prophet_ipim_nivel_general,2,2024-12-01,2025-08-01,164.616,187.23558504685082,22.6195850468508,13.740818053440004
cemento-portland,12,prophet_ipim_nivel_general,2,2024-12-01,2025-09-01,166.5168,193.306292269443,26.789492269443002,16.088161836789443
cemento-portland,12,prophet_ipim_nivel_general,2,2024-12-01,2025-10-01,171.5127,199.5808660804976,28.068166080497605,16.365065724286076
cemento-portland,12,prophet_ipim_nivel_general,2,2024-12-01,2025-11-01,178.4027,206.05713965069015,27.654439650690136,15.501132914855065
cemento-portland,12,prophet_ipim_nivel_general,2,2024-12-01,2025-12-01,178.3729,212.75032666103456,34.377426661034576,19.2727856423451
cemento-portland,12,prophet_ipim_icc_var_materials,1,2023-12-01,2024-01-01,89.8788,82.7302580705647,7.1485419294352965,7.953535126676477
cemento-portland,12,prophet_ipim_icc_var_materials,1,2023-12-01,2024-02-01,112.259,94.09867016379684,18.16032983620316,16.177170504104936
cemento-portland,12,prophet_ipim_icc_var_materials,1,2023-12-01,2024-03-01,129.2336,106.79679092132312,22.436809078676873,17.36143625084875
cemento-portland,12,prophet_ipim_icc_var_materials,1,2023-12-01,2024-04-01,134.4426,121.02528761510322,13.417312384896775,9.979956044361515
cemento-portland,12,prophet_ipim_icc_var_materials,1,2023-12-01,2024-05-01,135.4348,136.9405244593863,1.5057244593863004,1.1117707261252652
cemento-portland,12,prophet_ipim_icc_var_materials,1,2023-12-01,2024-06-01,141.6648,154.76712051609798,13.102320516097961,9.248818701680277
cemento-portland,12,prophet_ipim_icc_var_materials,1,2023-12-01,2024-07-01,132.9553,174.71807049961214,41.762770499612145,31.411136298900566
cemento-portland,12,prophet_ipim_icc_var_materials,1,2023-12-01,2024-08-01,137.0038,197.07121763213758,60.06741763213756,43.843614288171246
cemento-portland,12,prophet_ipim_icc_var_materials,1,2023-12-01,2024-09-01,137.0038,222.1084318197741,85.10463181977408,62.118446218115174
cemento-portland,12,prophet_ipim_icc_var_materials,1,2023-12-01,2024-10-01,139.445,250.1469812266799,110.70198122667992,79.38755869818202
cemento-portland,12,prophet_ipim_icc_var_materials,1,2023-12-01,2024-11-01,138.2005,281.57137069177566,143.37087069177565,103.74120983048228
cemento-portland,12,prophet_ipim_icc_var_materials,1,2023-12-01,2024-12-01,141.9286,316.7739265892671,174.8453265892671,123.1924549310478
cemento-portland,12,prophet_ipim_icc_var_materials,2,2024-12-01,2025-01-01,141.7318,151.78912103203658,10.057321032036583,7.096022933481819
cemento-portland,12,prophet_ipim_icc_var_materials,2,2024-12-01,2025-02-01,144.6363,156.61026695123763,11.973966951237628,8.278673438989816
cemento-portland,12,prophet_ipim_icc_var_materials,2,2024-12-01,2025-03-01,144.6434,161.57221808895733,16.928818088957314,11.703830308854267
cemento-portland,12,prophet_ipim_icc_var_materials,2,2024-12-01,2025-04-01,146.343,166.7012964629452,20.35829646294522,13.911356513769174
cemento-portland,12,prophet_ipim_icc_var_materials,2,2024-12-01,2025-05-01,151.2149,171.98823521507526,20.773335215075264,13.737624543001559
cemento-portland,12,prophet_ipim_icc_var_materials,2,2024-12-01,2025-06-01,155.4489,177.44537675878968,21.99647675878967,14.15029425025823
cemento-portland,12,prophet_ipim_icc_var_materials,2,2024-12-01,2025-07-01,161.9968,183.07093229670812,21.074132296708115,13.008980607461451
cemento-portland,12,prophet_ipim_icc_var_materials,2,2024-12-01,2025-08-01,164.616,188.877583746436,24.261583746435974,14.738290170114674
cemento-portland,12,prophet_ipim_icc_var_materials,2,2024-12-01,2025-09-01,166.5168,194.8674673053507,28.350667305350697,17.025709901553896
cemento-portland,12,prophet_ipim_icc_var_materials,2,2024-12-01,2025-10-01,171.5127,201.042902883116,29.530202883116004,17.217502192616642
cemento-portland,12,prophet_ipim_icc_var_materials,2,2024-12-01,2025-11-01,178.4027,207.41712371839026,29.014423718390248,16.26344428553505
cemento-portland,12,prophet_ipim_icc_var_materials,2,2024-12-01,2025-12-01,178.3729,213.98926049637868,35.61636049637869,19.967360791005078
pastina,3,naive_last,1,2023-12-01,2024-01-01,1266.87,1050.47,216.39999999999986,17.081468501109022
pastina,3,naive_last,1,2023-12-01,2024-02-01,1434.1,1050.47,383.6299999999999,26.750575273690806
pastina,3,naive_last,1,2023-12-01,2024-03-01,1586.31,1050.47,535.8399999999999,33.77902175489027
pastina,3,naive_last,2,2024-03-01,2024-04-01,1696.55,1586.31,110.24000000000001,6.497892782411364
pastina,3,naive_last,2,2024-03-01,2024-05-01,1760.04,1586.31,173.73000000000002,9.870798390945662
pastina,3,naive_last,2,2024-03-01,2024-06-01,1841.01,1586.31,254.70000000000005,13.834797203708838
pastina,3,naive_last,3,2024-06-01,2024-07-01,1914.65,1841.01,73.6400000000001,3.846133758128122
pastina,3,naive_last,3,2024-06-01,2024-08-01,1995.06,1841.01,154.04999999999995,7.721572283540342
pastina,3,naive_last,3,2024-06-01,2024-09-01,2064.89,1841.01,223.87999999999988,10.842224040990072
pastina,3,naive_last,4,2024-09-01,2024-10-01,2120.64,2064.89,55.75,2.6289233438961825
pastina,3,naive_last,4,2024-09-01,2024-11-01,2279.17,2064.89,214.2800000000002,9.401668151125198
pastina,3,naive_last,4,2024-09-01,2024-12-01,2340.71,2064.89,275.82000000000016,11.783604120117406
pastina,3,naive_last,5,2024-12-01,2025-01-01,2392.2,2340.71,51.48999999999978,2.1524120056851346
pastina,3,naive_last,5,2024-12-01,2025-02-01,2370.21,2340.71,29.5,1.244615456014446
pastina,3,naive_last,5,2024-12-01,2025-03-01,2380.41,2340.71,39.69999999999982,1.667779920265829
pastina,3,naive_last,6,2025-03-01,2025-04-01,2388.44,2380.41,8.0300000000002,0.3362027097184857
pastina,3,naive_last,6,2025-03-01,2025-05-01,2392.72,2380.41,12.309999999999945,0.5144772476512064
pastina,3,naive_last,6,2025-03-01,2025-06-01,2397.13,2380.41,16.720000000000255,0.6975007613270976
pastina,3,naive_last,7,2025-06-01,2025-07-01,2402.4,2397.13,5.269999999999982,0.2193639693639686
pastina,3,naive_last,7,2025-06-01,2025-08-01,2407.72,2397.13,10.58999999999969,0.43983519678366634
pastina,3,naive_last,7,2025-06-01,2025-09-01,2417.63,2397.13,20.5,0.8479378564958244
pastina,3,naive_last,8,2025-09-01,2025-10-01,2473.24,2417.63,55.60999999999967,2.2484675971599875
pastina,3,naive_last,8,2025-09-01,2025-11-01,2535.07,2417.63,117.44000000000005,4.632613695085345
pastina,3,naive_last,8,2025-09-01,2025-12-01,2606.05,2417.63,188.42000000000007,7.230099192264157
pastina,3,naive_last,9,2025-12-01,2026-01-01,2681.62,2606.05,75.56999999999971,2.8180726575726505
pastina,3,naive_last,9,2025-12-01,2026-02-01,2678.11,2606.05,72.05999999999995,2.6907035185261226
pastina,3,naive_last,9,2025-12-01,2026-03-01,2769.17,2606.05,163.1199999999999,5.890573709811961
pastina,3,prophet_base,1,2023-12-01,2024-01-01,1266.87,795.3249276393351,471.5450723606648,37.22126756183861
pastina,3,prophet_base,1,2023-12-01,2024-02-01,1434.1,827.6494795237667,606.4505204762332,42.287882328724166
pastina,3,prophet_base,1,2023-12-01,2024-03-01,1586.31,857.888576447912,728.421423552088,45.91923543015476
pastina,3,prophet_base,2,2024-03-01,2024-04-01,1696.55,1144.4104948289487,552.1395051710513,32.544841305652724
pastina,3,prophet_base,2,2024-03-01,2024-05-01,1760.04,1188.7217956552352,571.3182043447648,32.46052387131911
pastina,3,prophet_base,2,2024-03-01,2024-06-01,1841.01,1234.510139842398,606.4998601576019,32.94386560407613
pastina,3,prophet_base,3,2024-06-01,2024-07-01,1914.65,1489.3178672245192,425.3321327754809,22.214615348783372
pastina,3,prophet_base,3,2024-06-01,2024-08-01,1995.06,1545.291945710286,449.768054289714,22.544086608408467
pastina,3,prophet_base,3,2024-06-01,2024-09-01,2064.89,1601.266024196053,463.6239758039469,22.452720280690347
pastina,3,prophet_base,4,2024-09-01,2024-10-01,2120.64,1822.3149527137082,298.3250472862917,14.067689343136585
pastina,3,prophet_base,4,2024-09-01,2024-11-01,2279.17,1885.62451827554,393.54548172446016,17.2670525552925
pastina,3,prophet_base,4,2024-09-01,2024-12-01,2340.71,1946.8918397869902,393.81816021300983,16.82473096680109
pastina,3,prophet_base,5,2024-12-01,2025-01-01,2392.2,2122.344484370785,269.855515629215,11.280641904072194
pastina,3,prophet_base,5,2024-12-01,2025-02-01,2370.21,2190.2618444844106,179.9481555155894,7.592076462237077
pastina,3,prophet_base,5,2024-12-01,2025-03-01,2380.41,2251.606556845105,128.80344315489492,5.410977233119292
pastina,3,prophet_base,6,2025-03-01,2025-04-01,2388.44,2376.646341273568,11.793658726432113,0.49378082457303146
pastina,3,prophet_base,6,2025-03-01,2025-05-01,2392.72,2444.576743753342,51.856743753342016,2.167271713921479
pastina,3,prophet_base,6,2025-03-01,2025-06-01,2397.13,2514.771492982441,117.64149298244092,4.907597542996872
pastina,3,prophet_base,7,2025-06-01,2025-07-01,2402.4,2566.634144305168,164.23414430516777,6.836253092955702
pastina,3,prophet_base,7,2025-06-01,2025-08-01,2407.72,2636.1206186020577,228.40061860205788,9.486178567360735
pastina,3,prophet_base,7,2025-06-01,2025-09-01,2417.63,2705.6070928989475,287.9770928989474,11.911545310860113
pastina,3,prophet_base,8,2025-09-01,2025-10-01,2473.24,2714.04194298867,240.80194298867036,9.736295021456485
pastina,3,prophet_base,8,2025-09-01,2025-11-01,2535.07,2781.5996071116488,246.5296071116486,9.724765277157973
pastina,3,prophet_base,8,2025-09-01,2025-12-01,2606.05,2846.9779917467904,240.9279917467902,9.244948936006224
pastina,3,prophet_base,9,2025-12-01,2026-01-01,2681.62,2852.4576221471325,170.8376221471326,6.370687202032078
pastina,3,prophet_base,9,2025-12-01,2026-02-01,2678.11,2918.116388918583,240.00638891858307,8.961782335997516
pastina,3,prophet_base,9,2025-12-01,2026-03-01,2769.17,2977.421081486344,208.251081486344,7.520342972310981
pastina,3,prophet_ipim_cac_labour_force,1,2023-12-01,2024-01-01,1266.87,1158.8314579026664,108.03854209733345,8.52798961987682
pastina,3,prophet_ipim_cac_labour_force,1,2023-12-01,2024-02-01,1434.1,1276.86011547809,157.23988452190997,10.96435984393766
pastina,3,prophet_ipim_cac_labour_force,1,2023-12-01,2024-03-01,1586.31,1406.9352878814036,179.37471211859634,11.307670765398715
pastina,3,prophet_ipim_cac_labour_force,2,2024-03-01,2024-04-01,1696.55,1685.520906565802,11.029093434197875,0.6500895012936769
pastina,3,prophet_ipim_cac_labour_force,2,2024-03-01,2024-05-01,1760.04,1888.234718551881,128.19471855188112,7.283625289873022
pastina,3,prophet_ipim_cac_labour_force,2,2024-03-01,2024-06-01,1841.01,2115.659093054107,274.64909305410697,14.918392244154402
pastina,3,prophet_ipim_cac_labour_force,3,2024-06-01,2024-07-01,1914.65,2086.459643253709,171.80964325370905,8.973422988729483
pastina,3,prophet_ipim_cac_labour_force,3,2024-06-01,2024-08-01,1995.06,2334.397290938749,339.337290938749,17.008876471822852
pastina,3,prophet_ipim_cac_labour_force,3,2024-06-01,2024-09-01,2064.89,2611.461650912307,546.5716509123072,26.46977083100345
pastina,3,prophet_ipim_cac_labour_force,4,2024-09-01,2024-10-01,2120.64,2240.278210731202,119.63821073120198,5.641608699788836
pastina,3,prophet_ipim_cac_labour_force,4,2024-09-01,2024-11-01,2279.17,2453.5082642097723,174.3382642097722,7.649199673994138
pastina,3,prophet_ipim_cac_labour_force,4,2024-09-01,2024-12-01,2340.71,2686.6663754114047,345.9563754114047,14.779975965044995
pastina,3,prophet_ipim_cac_labour_force,5,2024-12-01,2025-01-01,2392.2,2427.3217352313873,35.12173523138745,1.4681772105755142
pastina,3,prophet_ipim_cac_labour_force,5,2024-12-01,2025-02-01,2370.21,2560.4276632268766,190.21766322687654,8.025350632512584
pastina,3,prophet_ipim_cac_labour_force,5,2024-12-01,2025-03-01,2380.41,2701.3563982334867,320.9463982334869,13.482820112228017
pastina,3,prophet_ipim_cac_labour_force,6,2025-03-01,2025-04-01,2388.44,2519.3413084469016,130.90130844690157,5.480619502558221
pastina,3,prophet_ipim_cac_labour_force,6,2025-03-01,2025-05-01,2392.72,2613.200271464118,220.48027146411823,9.214629019029315
pastina,3,prophet_ipim_cac_labour_force,6,2025-03-01,2025-06-01,2397.13,2710.9297054554827,313.7997054554826,13.090641953314277
pastina,3,prophet_ipim_cac_labour_force,7,2025-06-01,2025-07-01,2402.4,2557.1024325561184,154.7024325561183,6.4394951946436185
pastina,3,prophet_ipim_cac_labour_force,7,2025-06-01,2025-08-01,2407.72,2619.546307692136,211.8263076921362,8.797796574856553
pastina,3,prophet_ipim_cac_labour_force,7,2025-06-01,2025-09-01,2417.63,2683.6836309612904,266.0536309612903,11.00472905123159
pastina,3,prophet_ipim_cac_labour_force,8,2025-09-01,2025-10-01,2473.24,2688.235512694515,214.99551269451513,8.692868977313772
pastina,3,prophet_ipim_cac_labour_force,8,2025-09-01,2025-11-01,2535.07,2746.59798939543,211.5279893954298,8.344068976218795
pastina,3,prophet_ipim_cac_labour_force,8,2025-09-01,2025-12-01,2606.05,2806.393684732634,200.34368473263385,7.68763779408046
pastina,3,prophet_ipim_cac_labour_force,9,2025-12-01,2026-01-01,2681.62,2779.4706655114956,97.85066551149566,3.6489385338525095
pastina,3,prophet_ipim_cac_labour_force,9,2025-12-01,2026-02-01,2678.11,2832.3453283437934,154.2353283437933,5.7591110276946536
pastina,3,prophet_ipim_cac_labour_force,9,2025-12-01,2026-03-01,2769.17,2886.757701763264,117.5877017632638,4.246315746713412
pastina,3,prophet_ipim_cac_var_materials,1,2023-12-01,2024-01-01,1266.87,1210.147099000738,56.72290099926181,4.477405021767175
pastina,3,prophet_ipim_cac_var_materials,1,2023-12-01,2024-02-01,1434.1,1366.292082221,67.80791777899981,4.728255894219358
pastina,3,prophet_ipim_cac_var_materials,1,2023-12-01,2024-03-01,1586.31,1540.044200705025,46.26579929497484,2.9165673351977133
pastina,3,prophet_ipim_cac_var_materials,2,2024-03-01,2024-04-01,1696.55,1724.7685520936573,28.21855209365731,1.663290330002494
pastina,3,prophet_ipim_cac_var_materials,2,2024-03-01,2024-05-01,1760.04,1935.5185591121144,175.47855911211445,9.970146082595535
pastina,3,prophet_ipim_cac_var_materials,2,2024-03-01,2024-06-01,1841.01,2173.7963272895577,332.7863272895577,18.076291127672185
pastina,3,prophet_ipim_cac_var_materials,3,2024-06-01,2024-07-01,1914.65,1975.4609512730995,60.81095127309936,3.176087079784783
pastina,3,prophet_ipim_cac_var_materials,3,2024-06-01,2024-08-01,1995.06,2197.1952890687144,202.13528906871443,10.131789974673163
pastina,3,prophet_ipim_cac_var_materials,3,2024-06-01,2024-09-01,2064.89,2445.169897018783,380.27989701878323,18.41647240379794
pastina,3,prophet_ipim_cac_var_materials,4,2024-09-01,2024-10-01,2120.64,2141.622358436948,20.98235843694829,0.9894351911191097
pastina,3,prophet_ipim_cac_var_materials,4,2024-09-01,2024-11-01,2279.17,2331.4028478152327,52.23284781523262,2.2917486547836545
pastina,3,prophet_ipim_cac_var_materials,4,2024-09-01,2024-12-01,2340.71,2538.3735076753255,197.6635076753255,8.444596198389611
pastina,3,prophet_ipim_cac_var_materials,5,2024-12-01,2025-01-01,2392.2,2203.091543216508,189.10845678349187,7.9052109682924465
pastina,3,prophet_ipim_cac_var_materials,5,2024-12-01,2025-02-01,2370.21,2273.4683435697098,96.74165643029028,4.081564774019613
pastina,3,prophet_ipim_cac_var_materials,5,2024-12-01,2025-03-01,2380.41,2344.601251329168,35.80874867083185,1.5043101260216454
pastina,3,prophet_ipim_cac_var_materials,6,2025-03-01,2025-04-01,2388.44,2356.6202205827294,31.819779417270638,1.3322411037024433
pastina,3,prophet_ipim_cac_var_materials,6,2025-03-01,2025-05-01,2392.72,2406.421227913819,13.701227913819366,0.5726214481351503
pastina,3,prophet_ipim_cac_var_materials,6,2025-03-01,2025-06-01,2397.13,2457.3814183563504,60.251418356350314,2.513481469772199
pastina,3,prophet_ipim_cac_var_materials,7,2025-06-01,2025-07-01,2402.4,2470.422088774365,68.02208877436487,2.8314222766552146
pastina,3,prophet_ipim_cac_var_materials,7,2025-06-01,2025-08-01,2407.72,2513.2814754728333,105.56147547283354,4.384292005417305
pastina,3,prophet_ipim_cac_var_materials,7,2025-06-01,2025-09-01,2417.63,2556.5628672184066,138.9328672184065,5.746655493950955
pastina,3,prophet_ipim_cac_var_materials,8,2025-09-01,2025-10-01,2473.24,2648.586163617447,175.34616361744702,7.089735068875121
pastina,3,prophet_ipim_cac_var_materials,8,2025-09-01,2025-11-01,2535.07,2701.3306741752513,166.2606741752511,6.558425375837791
pastina,3,prophet_ipim_cac_var_materials,8,2025-09-01,2025-12-01,2606.05,2754.4538239214403,148.4038239214401,5.694588512171298
pastina,3,prophet_ipim_cac_var_materials,9,2025-12-01,2026-01-01,2681.62,2774.626943210709,93.00694321070932,3.468311811916279
pastina,3,prophet_ipim_cac_var_materials,9,2025-12-01,2026-02-01,2678.11,2830.893603939063,152.7836039390627,5.704903978517039
pastina,3,prophet_ipim_cac_var_materials,9,2025-12-01,2026-03-01,2769.17,2887.178756478341,118.00875647834073,4.261520833980605
pastina,6,naive_last,1,2023-12-01,2024-01-01,1266.87,1050.47,216.39999999999986,17.081468501109022
pastina,6,naive_last,1,2023-12-01,2024-02-01,1434.1,1050.47,383.6299999999999,26.750575273690806
pastina,6,naive_last,1,2023-12-01,2024-03-01,1586.31,1050.47,535.8399999999999,33.77902175489027
pastina,6,naive_last,1,2023-12-01,2024-04-01,1696.55,1050.47,646.0799999999999,38.08198992072146
pastina,6,naive_last,1,2023-12-01,2024-05-01,1760.04,1050.47,709.5699999999999,40.31556100997704
pastina,6,naive_last,1,2023-12-01,2024-06-01,1841.01,1050.47,790.54,42.94055980141335
pastina,6,naive_last,2,2024-06-01,2024-07-01,1914.65,1841.01,73.6400000000001,3.846133758128122
pastina,6,naive_last,2,2024-06-01,2024-08-01,1995.06,1841.01,154.04999999999995,7.721572283540342
pastina,6,naive_last,2,2024-06-01,2024-09-01,2064.89,1841.01,223.87999999999988,10.842224040990072
pastina,6,naive_last,2,2024-06-01,2024-10-01,2120.64,1841.01,279.6299999999999,13.18611362607514
pastina,6,naive_last,2,2024-06-01,2024-11-01,2279.17,1841.01,438.1600000000001,19.224542267579867
pastina,6,naive_last,2,2024-06-01,2024-12-01,2340.71,1841.01,499.70000000000005,21.348223402301013
pastina,6,naive_last,3,2024-12-01,2025-01-01,2392.2,2340.71,51.48999999999978,2.1524120056851346
pastina,6,naive_last,3,2024-12-01,2025-02-01,2370.21,2340.71,29.5,1.244615456014446
pastina,6,naive_last,3,2024-12-01,2025-03-01,2380.41,2340.71,39.69999999999982,1.667779920265829
pastina,6,naive_last,3,2024-12-01,2025-04-01,2388.44,2340.71,47.73000000000002,1.9983755087002402
pastina,6,naive_last,3,2024-12-01,2025-05-01,2392.72,2340.71,52.00999999999976,2.1736768196863725
pastina,6,naive_last,3,2024-12-01,2025-06-01,2397.13,2340.71,56.42000000000007,2.353647903951812
pastina,6,naive_last,4,2025-06-01,2025-07-01,2402.4,2397.13,5.269999999999982,0.2193639693639686
pastina,6,naive_last,4,2025-06-01,2025-08-01,2407.72,2397.13,10.58999999999969,0.43983519678366634
pastina,6,naive_last,4,2025-06-01,2025-09-01,2417.63,2397.13,20.5,0.8479378564958244
pastina,6,naive_last,4,2025-06-01,2025-10-01,2473.24,2397.13,76.10999999999967,3.07733984570845
pastina,6,naive_last,4,2025-06-01,2025-11-01,2535.07,2397.13,137.94000000000005,5.441269866315331
pastina,6,naive_last,4,2025-06-01,2025-12-01,2606.05,2397.13,208.92000000000007,8.016730300646573
pastina,6,prophet_base,1,2023-12-01,2024-01-01,1266.87,795.3249276393351,471.5450723606648,37.22126756183861
pastina,6,prophet_base,1,2023-12-01,2024-02-01,1434.1,827.6494795237667,606.4505204762332,42.287882328724166
pastina,6,prophet_base,1,2023-12-01,2024-03-01,1586.31,857.888576447912,728.421423552088,45.91923543015476
pastina,6,prophet_base,1,2023-12-01,2024-04-01,1696.55,890.2131283323434,806.3368716676565,47.52803463898243
pastina,6,prophet_base,1,2023-12-01,2024-05-01,1760.04,921.4949527366318,838.5450472633681,47.64352215082431
pastina,6,prophet_base,1,2023-12-01,2024-06-01,1841.01,953.8195046210633,887.1904953789367,48.190422397430574
pastina,6,prophet_base,2,2024-06-01,2024-07-01,1914.65,1489.3178672245192,425.3321327754809,22.214615348783372
pastina,6,prophet_base,2,2024-06-01,2024-08-01,1995.06,1545.291945710286,449.768054289714,22.544086608408467
pastina,6,prophet_base,2,2024-06-01,2024-09-01,2064.89,1601.266024196053,463.6239758039469,22.452720280690347
pastina,6,prophet_base,2,2024-06-01,2024-10-01,2120.64,1655.434487246795,465.20551275320486,21.937033761185535
pastina,6,prophet_base,2,2024-06-01,2024-11-01,2279.17,1711.408565732562,567.7614342674381,24.91088572890298
pastina,6,prophet_base,2,2024-06-01,2024-12-01,2340.71,1765.5770287833034,575.1329712166967,24.57087683722873
pastina,6,prophet_base,3,2024-12-01,2025-01-01,2392.2,2122.344484370785,269.855515629215,11.280641904072194
pastina,6,prophet_base,3,2024-12-01,2025-02-01,2370.21,2190.2618444844106,179.9481555155894,7.592076462237077
pastina,6,prophet_base,3,2024-12-01,2025-03-01,2380.41,2251.606556845105,128.80344315489492,5.410977233119292
pastina,6,prophet_base,3,2024-12-01,2025-04-01,2388.44,2319.5239169587308,68.9160830412693,2.885401477167913
pastina,6,prophet_base,3,2024-12-01,2025-05-01,2392.72,2385.250394488046,7.469605511953887,0.3121805105467371
pastina,6,prophet_base,3,2024-12-01,2025-06-01,2397.13,2453.167754601672,56.03775460167208,2.337701943643944
pastina,6,prophet_base,4,2025-06-01,2025-07-01,2402.4,2566.634144305168,164.23414430516777,6.836253092955702
pastina,6,prophet_base,4,2025-06-01,2025-08-01,2407.72,2636.1206186020577,228.40061860205788,9.486178567360735
pastina,6,prophet_base,4,2025-06-01,2025-09-01,2417.63,2705.6070928989475,287.9770928989474,11.911545310860113
pastina,6,prophet_base,4,2025-06-01,2025-10-01,2473.24,2772.8520680249703,299.61206802497054,12.114152610542064
pastina,6,prophet_base,4,2025-06-01,2025-11-01,2535.07,2842.33854232186,307.26854232185997,12.120712340166543
pastina,6,prophet_base,4,2025-06-01,2025-12-01,2606.05,2909.5835174478807,303.5335174478805,11.647263768840984
pastina,6,prophet_ipim_cac_labour_force,1,2023-12-01,2024-01-01,1266.87,1158.8314579026664,108.03854209733345,8.52798961987682
pastina,6,prophet_ipim_cac_labour_force,1,2023-12-01,2024-02-01,1434.1,1276.86011547809,157.23988452190997,10.96435984393766
pastina,6,prophet_ipim_cac_labour_force,1,2023-12-01,2024-03-01,1586.31,1406.9352878814034,179.37471211859656,11.307670765398727
pastina,6,prophet_ipim_cac_labour_force,1,2023-12-01,2024-04-01,1696.55,1550.9017229774995,145.64827702250045,8.584968142554034
pastina,6,prophet_ipim_cac_labour_force,1,2023-12-01,2024-05-01,1760.04,1709.9173397362924,50.12266026370753,2.8478137010356317
pastina,6,prophet_ipim_cac_labour_force,1,2023-12-01,2024-06-01,1841.01,1885.9147939496797,44.90479394967974,2.4391390568046747
pastina,6,prophet_ipim_cac_labour_force,2,2024-06-01,2024-07-01,1914.65,2086.459643253709,171.80964325370905,8.973422988729483
pastina,6,prophet_ipim_cac_labour_force,2,2024-06-01,2024-08-01,1995.06,2334.397290938749,339.337290938749,17.008876471822852
pastina,6,prophet_ipim_cac_labour_force,2,2024-06-01,2024-09-01,2064.89,2611.461650912307,546.5716509123072,26.46977083100345
pastina,6,prophet_ipim_cac_labour_force,2,2024-06-01,2024-10-01,2120.64,2921.0635267917796,800.4235267917798,37.74443218989455
pastina,6,prophet_ipim_cac_labour_force,2,2024-06-01,2024-11-01,2279.17,3267.1257006192945,987.9557006192945,43.34717026897048
pastina,6,prophet_ipim_cac_labour_force,2,2024-06-01,2024-12-01,2340.71,3653.8901618425093,1313.1801618425093,56.10178799776603
pastina,6,prophet_ipim_cac_labour_force,3,2024-12-01,2025-01-01,2392.2,2427.3217352313873,35.12173523138745,1.4681772105755142
pastina,6,prophet_ipim_cac_labour_force,3,2024-12-01,2025-02-01,2370.21,2560.4276632268766,190.21766322687654,8.025350632512584
pastina,6,prophet_ipim_cac_labour_force,3,2024-12-01,2025-03-01,2380.41,2701.356398233487,320.94639823348734,13.482820112228037
pastina,6,prophet_ipim_cac_labour_force,3,2024-12-01,2025-04-01,2388.44,2850.514785477183,462.074785477183,19.346300743463644
pastina,6,prophet_ipim_cac_labour_force,3,2024-12-01,2025-05-01,2392.72,3008.461204086768,615.741204086768,25.733943131113048
pastina,6,prophet_ipim_cac_labour_force,3,2024-12-01,2025-06-01,2397.13,3175.7137848915227,778.5837848915226,32.4798315023183
pastina,6,prophet_ipim_cac_labour_force,4,2025-06-01,2025-07-01,2402.4,2557.1024325561184,154.7024325561183,6.4394951946436185
pastina,6,prophet_ipim_cac_labour_force,4,2025-06-01,2025-08-01,2407.72,2619.546307692136,211.8263076921362,8.797796574856553
pastina,6,prophet_ipim_cac_labour_force,4,2025-06-01,2025-09-01,2417.63,2683.68363096129,266.05363096128985,11.004729051231571
pastina,6,prophet_ipim_cac_labour_force,4,2025-06-01,2025-10-01,2473.24,2749.5939526443735,276.35395264437375,11.173762054809632
pastina,6,prophet_ipim_cac_labour_force,4,2025-06-01,2025-11-01,2535.07,2817.265026792832,282.19502679283187,11.131646336899252
pastina,6,prophet_ipim_cac_labour_force,4,2025-06-01,2025-12-01,2606.05,2886.8104134685095,280.76041346850934,10.773408548128751
pastina,6,prophet_ipim_cac_var_materials,1,2023-12-01,2024-01-01,1266.87,1210.147099000738,56.72290099926181,4.477405021767175
pastina,6,prophet_ipim_cac_var_materials,1,2023-12-01,2024-02-01,1434.1,1366.292082221,67.80791777899981,4.728255894219358
pastina,6,prophet_ipim_cac_var_materials,1,2023-12-01,2024-03-01,1586.31,1540.044200705025,46.26579929497484,2.9165673351977133
pastina,6,prophet_ipim_cac_var_materials,1,2023-12-01,2024-04-01,1696.55,1734.562467406748,38.0124674067481,2.240574542851558
pastina,6,prophet_ipim_cac_var_materials,1,2023-12-01,2024-05-01,1760.04,1951.5947752647867,191.5547752647867,10.883546695801613
pastina,6,prophet_ipim_cac_var_materials,1,2023-12-01,2024-06-01,1841.01,2194.388147822394,353.3781478223939,19.194797845877744
pastina,6,prophet_ipim_cac_var_materials,2,2024-06-01,2024-07-01,1914.65,1975.4609512730995,60.81095127309936,3.176087079784783
pastina,6,prophet_ipim_cac_var_materials,2,2024-06-01,2024-08-01,1995.06,2197.1952890687144,202.13528906871443,10.131789974673163
pastina,6,prophet_ipim_cac_var_materials,2,2024-06-01,2024-09-01,2064.89,2445.169897018783,380.27989701878323,18.41647240379794
pastina,6,prophet_ipim_cac_var_materials,2,2024-06-01,2024-10-01,2120.64,2722.3331495273624,601.6931495273625,28.373186845827792
pastina,6,prophet_ipim_cac_var_materials,2,2024-06-01,2024-11-01,2279.17,3032.8917010124032,753.7217010124032,33.07000798590729
pastina,6,prophet_ipim_cac_var_materials,2,2024-06-01,2024-12-01,2340.71,3380.3541744861104,1039.6441744861104,44.415761648649784
pastina,6,prophet_ipim_cac_var_materials,3,2024-12-01,2025-01-01,2392.2,2203.091543216508,189.10845678349187,7.9052109682924465
pastina,6,prophet_ipim_cac_var_materials,3,2024-12-01,2025-02-01,2370.21,2273.4683435697098,96.74165643029028,4.081564774019613
pastina,6,prophet_ipim_cac_var_materials,3,2024-12-01,2025-03-01,2380.41,2344.601251329168,35.80874867083185,1.5043101260216454
pastina,6,prophet_ipim_cac_var_materials,3,2024-12-01,2025-04-01,2388.44,2418.8143646338394,30.374364633839377,1.2717239969955023
pastina,6,prophet_ipim_cac_var_materials,3,2024-12-01,2025-05-01,2392.72,2494.6614537692067,101.94145376920687,4.2604840419776195
pastina,6,prophet_ipim_cac_var_materials,3,2024-12-01,2025-06-01,2397.13,2572.961674383802,175.83167438380178,7.335091312686496
pastina,6,prophet_ipim_cac_var_materials,4,2025-06-01,2025-07-01,2402.4,2470.422088774365,68.02208877436487,2.8314222766552146
pastina,6,prophet_ipim_cac_var_materials,4,2025-06-01,2025-08-01,2407.72,2513.2814754728333,105.56147547283354,4.384292005417305
pastina,6,prophet_ipim_cac_var_materials,4,2025-06-01,2025-09-01,2417.63,2556.5628672184066,138.9328672184065,5.746655493950955
pastina,6,prophet_ipim_cac_var_materials,4,2025-06-01,2025-10-01,2473.24,2599.8094203306855,126.56942033068572,5.117555123266878
pastina,6,prophet_ipim_cac_var_materials,4,2025-06-01,2025-11-01,2535.07,2643.953658473365,108.8836584733649,4.295094749784617
pastina,6,prophet_ipim_cac_var_materials,4,2025-06-01,2025-12-01,2606.05,2688.0758327275444,82.02583272754418,3.147515693388238
pastina,12,naive_last,1,2023-12-01,2024-01-01,1266.87,1050.47,216.39999999999986,17.081468501109022
pastina,12,naive_last,1,2023-12-01,2024-02-01,1434.1,1050.47,383.6299999999999,26.750575273690806
pastina,12,naive_last,1,2023-12-01,2024-03-01,1586.31,1050.47,535.8399999999999,33.77902175489027
pastina,12,naive_last,1,2023-12-01,2024-04-01,1696.55,1050.47,646.0799999999999,38.08198992072146
pastina,12,naive_last,1,2023-12-01,2024-05-01,1760.04,1050.47,709.5699999999999,40.31556100997704
pastina,12,naive_last,1,2023-12-01,2024-06-01,1841.01,1050.47,790.54,42.94055980141335
pastina,12,naive_last,1,2023-12-01,2024-07-01,1914.65,1050.47,864.1800000000001,45.135142193090125
pastina,12,naive_last,1,2023-12-01,2024-08-01,1995.06,1050.47,944.5899999999999,47.346445720930696
pastina,12,naive_last,1,2023-12-01,2024-09-01,2064.89,1050.47,1014.4199999999998,49.12707214427886
pastina,12,naive_last,1,2023-12-01,2024-10-01,2120.64,1050.47,1070.1699999999998,50.46448242040138
pastina,12,naive_last,1,2023-12-01,2024-11-01,2279.17,1050.47,1228.7,53.9099760000351
pastina,12,naive_last,1,2023-12-01,2024-12-01,2340.71,1050.47,1290.24,55.12173656710998
pastina,12,naive_last,2,2024-12-01,2025-01-01,2392.2,2340.71,51.48999999999978,2.1524120056851346
pastina,12,naive_last,2,2024-12-01,2025-02-01,2370.21,2340.71,29.5,1.244615456014446
pastina,12,naive_last,2,2024-12-01,2025-03-01,2380.41,2340.71,39.69999999999982,1.667779920265829
pastina,12,naive_last,2,2024-12-01,2025-04-01,2388.44,2340.71,47.73000000000002,1.9983755087002402
pastina,12,naive_last,2,2024-12-01,2025-05-01,2392.72,2340.71,52.00999999999976,2.1736768196863725
pastina,12,naive_last,2,2024-12-01,2025-06-01,2397.13,2340.71,56.42000000000007,2.353647903951812
pastina,12,naive_last,2,2024-12-01,2025-07-01,2402.4,2340.71,61.690000000000055,2.56784881784882
pastina,12,naive_last,2,2024-12-01,2025-08-01,2407.72,2340.71,67.00999999999976,2.7831309288455373
pastina,12,naive_last,2,2024-12-01,2025-09-01,2417.63,2340.71,76.92000000000007,3.1816282888614085
pastina,12,naive_last,2,2024-12-01,2025-10-01,2473.24,2340.71,132.52999999999975,5.358558004884271
pastina,12,naive_last,2,2024-12-01,2025-11-01,2535.07,2340.71,194.36000000000013,7.66684943611025
pastina,12,naive_last,2,2024-12-01,2025-12-01,2606.05,2340.71,265.34000000000015,10.181692599911749
pastina,12,prophet_base,1,2023-12-01,2024-01-01,1266.87,795.3249276393351,471.5450723606648,37.22126756183861
pastina,12,prophet_base,1,2023-12-01,2024-02-01,1434.1,827.6494795237667,606.4505204762332,42.287882328724166
pastina,12,prophet_base,1,2023-12-01,2024-03-01,1586.31,857.888576447912,728.421423552088,45.91923543015476
pastina,12,prophet_base,1,2023-12-01,2024-04-01,1696.55,890.2131283323434,806.3368716676565,47.52803463898243
pastina,12,prophet_base,1,2023-12-01,2024-05-01,1760.04,921.4949527366318,838.5450472633681,47.64352215082431
pastina,12,prophet_base,1,2023-12-01,2024-06-01,1841.01,953.8195046210633,887.1904953789367,48.190422397430574
pastina,12,prophet_base,1,2023-12-01,2024-07-01,1914.65,985.1013290253517,929.5486709746484,48.549273808510605
pastina,12,prophet_base,1,2023-12-01,2024-08-01,1995.06,1017.4258809097831,977.6341190902168,49.002742729051604
pastina,12,prophet_base,1,2023-12-01,2024-09-01,2064.89,1049.7504327942145,1015.1395672057854,49.16191987010375
pastina,12,prophet_base,1,2023-12-01,2024-10-01,2120.64,1081.0322571985027,1039.6077428014971,49.02330158827039
pastina,12,prophet_base,1,2023-12-01,2024-11-01,2279.17,1113.3568090829344,1165.8131909170656,51.15077817438215
pastina,12,prophet_base,1,2023-12-01,2024-12-01,2340.71,1144.6386334872225,1196.0713665127776,51.098656668821754
pastina,12,prophet_base,2,2024-12-01,2025-01-01,2392.2,2122.344484370785,269.855515629215,11.280641904072194
pastina,12,prophet_base,2,2024-12-01,2025-02-01,2370.21,2190.2618444844106,179.9481555155894,7.592076462237077
pastina,12,prophet_base,2,2024-12-01,2025-03-01,2380.41,2251.606556845105,128.80344315489492,5.410977233119292
pastina,12,prophet_base,2,2024-12-01,2025-04-01,2388.44,2319.5239169587308,68.9160830412693,2.885401477167913
pastina,12,prophet_base,2,2024-12-01,2025-05-01,2392.72,2385.250394488046,7.469605511953887,0.3121805105467371
pastina,12,prophet_base,2,2024-12-01,2025-06-01,2397.13,2453.167754601672,56.03775460167208,2.337701943643944
pastina,12,prophet_base,2,2024-12-01,2025-07-01,2402.4,2518.8942321309873,116.49423213098726,4.849077261529606
pastina,12,prophet_base,2,2024-12-01,2025-08-01,2407.72,2586.811592244613,179.09159224461337,7.4382233916158595
pastina,12,prophet_base,2,2024-12-01,2025-09-01,2417.63,2654.72895235824,237.09895235823979,9.807081826343971
pastina,12,prophet_base,2,2024-12-01,2025-10-01,2473.24,2720.455429887555,247.21542988755527,9.995610207159649
pastina,12,prophet_base,2,2024-12-01,2025-11-01,2535.07,2788.3727900011813,253.30279000118117,9.991944601181867
pastina,12,prophet_base,2,2024-12-01,2025-12-01,2606.05,2854.0992675304965,248.0492675304963,9.518208304924936
pastina,12,prophet_ipim_cac_labour_force,1,2023-12-01,2024-01-01,1266.87,1158.8314579026664,108.03854209733345,8.52798961987682
pastina,12,prophet_ipim_cac_labour_force,1,2023-12-01,2024-02-01,1434.1,1276.86011547809,157.23988452190997,10.96435984393766
pastina,12,prophet_ipim_cac_labour_force,1,2023-12-01,2024-03-01,1586.31,1406.9352878814034,179.37471211859656,11.307670765398727
pastina,12,prophet_ipim_cac_labour_force,1,2023-12-01,2024-04-01,1696.55,1550.9017229774995,145.64827702250045,8.584968142554034
pastina,12,prophet_ipim_cac_labour_force,1,2023-12-01,2024-05-01,1760.04,1709.9173397362924,50.12266026370753,2.8478137010356317
pastina,12,prophet_ipim_cac_labour_force,1,2023-12-01,2024-06-01,1841.01,1885.9147939496797,44.90479394967974,2.4391390568046747
pastina,12,prophet_ipim_cac_labour_force,1,2023-12-01,2024-07-01,1914.65,2080.5389635302813,165.88896353028122,8.664192595528228
pastina,12,prophet_ipim_cac_labour_force,1,2023-12-01,2024-08-01,1995.06,2296.1318296118875,301.07182961188755,15.090865919415334
pastina,12,prophet_ipim_cac_labour_force,1,2023-12-01,2024-09-01,2064.89,2534.9155845794985,470.0255845794986,22.762742062749037
pastina,12,prophet_ipim_cac_labour_force,1,2023-12-01,2024-10-01,2120.64,2799.3816676810225,678.7416676810226,32.006454074289955
pastina,12,prophet_ipim_cac_labour_force,1,2023-12-01,2024-11-01,2279.17,3092.683129174308,813.5131291743078,35.693394050215986
pastina,12,prophet_ipim_cac_labour_force,1,2023-12-01,2024-12-01,2340.71,3417.8277665099076,1077.1177665099076,46.01671144695018
pastina,12,prophet_ipim_cac_labour_force,2,2024-12-01,2025-01-01,2392.2,2427.3217352313873,35.12173523138745,1.4681772105755142
pastina,12,prophet_ipim_cac_labour_force,2,2024-12-01,2025-02-01,2370.21,2560.4276632268766,190.21766322687654,8.025350632512584
pastina,12,prophet_ipim_cac_labour_force,2,2024-12-01,2025-03-01,2380.41,2701.356398233487,320.94639823348734,13.482820112228037
pastina,12,prophet_ipim_cac_labour_force,2,2024-12-01,2025-04-01,2388.44,2850.514785477183,462.074785477183,19.346300743463644
pastina,12,prophet_ipim_cac_labour_force,2,2024-12-01,2025-05-01,2392.72,3008.461204086768,615.741204086768,25.733943131113048
pastina,12,prophet_ipim_cac_labour_force,2,2024-12-01,2025-06-01,2397.13,3175.7137848915227,778.5837848915226,32.4798315023183
pastina,12,prophet_ipim_cac_labour_force,2,2024-12-01,2025-07-01,2402.4,3352.8735936398757,950.4735936398756,39.56350289876272
pastina,12,prophet_ipim_cac_labour_force,2,2024-12-01,2025-08-01,2407.72,3540.5299857794844,1132.8099857794846,47.04907488327068
pastina,12,prophet_ipim_cac_labour_force,2,2024-12-01,2025-09-01,2417.63,3739.3477433416856,1321.7177433416855,54.6699761064218
pastina,12,prophet_ipim_cac_labour_force,2,2024-12-01,2025-10-01,2473.24,3950.0332748774763,1476.7932748774765,59.71087621409473
pastina,12,prophet_ipim_cac_labour_force,2,2024-12-01,2025-11-01,2535.07,4173.300979946982,1638.2309799469817,64.62271179679384
pastina,12,prophet_ipim_cac_labour_force,2,2024-12-01,2025-12-01,2606.05,4409.960880324887,1803.9108803248864,69.22011781527164
pastina,12,prophet_ipim_cac_var_materials,1,2023-12-01,2024-01-01,1266.87,1210.147099000738,56.72290099926181,4.477405021767175
pastina,12,prophet_ipim_cac_var_materials,1,2023-12-01,2024-02-01,1434.1,1366.292082221,67.80791777899981,4.728255894219358
pastina,12,prophet_ipim_cac_var_materials,1,2023-12-01,2024-03-01,1586.31,1540.044200705025,46.26579929497484,2.9165673351977133
pastina,12,prophet_ipim_cac_var_materials,1,2023-12-01,2024-04-01,1696.55,1734.562467406748,38.0124674067481,2.240574542851558
pastina,12,prophet_ipim_cac_var_materials,1,2023-12-01,2024-05-01,1760.04,1951.5947752647867,191.5547752647867,10.883546695801613
pastina,12,prophet_ipim_cac_var_materials,1,2023-12-01,2024-06-01,1841.01,2194.388147822394,353.3781478223939,19.194797845877744
pastina,12,prophet_ipim_cac_var_materials,1,2023-12-01,2024-07-01,1914.65,2465.566953414066,550.916953414066,28.77376822991492
pastina,12,prophet_ipim_cac_var_materials,1,2023-12-01,2024-08-01,1995.06,2769.0923153653553,774.0323153653553,38.797445458550385
pastina,12,prophet_ipim_cac_var_materials,1,2023-12-01,2024-09-01,2064.89,3108.629362414804,1043.739362414804,50.54697162632411
pastina,12,prophet_ipim_cac_var_materials,1,2023-12-01,2024-10-01,2120.64,3488.3181558924452,1367.6781558924454,64.49365077959698
pastina,12,prophet_ipim_cac_var_materials,1,2023-12-01,2024-11-01,2279.17,3913.550880447644,1634.380880447644,71.70947671510434
pastina,12,prophet_ipim_cac_var_materials,1,2023-12-01,2024-12-01,2340.71,4389.357967724568,2048.647967724568,87.52250247679413
pastina,12,prophet_ipim_cac_var_materials,2,2024-12-01,2025-01-01,2392.2,2203.091543216508,189.10845678349187,7.9052109682924465
pastina,12,prophet_ipim_cac_var_materials,2,2024-12-01,2025-02-01,2370.21,2273.4683435697098,96.74165643029028,4.081564774019613
pastina,12,prophet_ipim_cac_var_materials,2,2024-12-01,2025-03-01,2380.41,2344.601251329168,35.80874867083185,1.5043101260216454
pastina,12,prophet_ipim_cac_var_materials,2,2024-12-01,2025-04-01,2388.44,2418.8143646338394,30.374364633839377,1.2717239969955023
pastina,12,prophet_ipim_cac_var_materials,2,2024-12-01,2025-05-01,2392.72,2494.6614537692067,101.94145376920687,4.2604840419776195
pastina,12,prophet_ipim_cac_var_materials,2,2024-12-01,2025-06-01,2397.13,2572.961674383802,175.83167438380178,7.335091312686496
pastina,12,prophet_ipim_cac_var_materials,2,2024-12-01,2025-07-01,2402.4,2653.027350877245,250.62735087724514,10.43237391263924
pastina,12,prophet_ipim_cac_var_materials,2,2024-12-01,2025-08-01,2407.72,2735.6818685406356,327.9618685406358,13.621262793872868
pastina,12,prophet_ipim_cac_var_materials,2,2024-12-01,2025-09-01,2417.63,2820.6191456295796,402.9891456295795,16.66876840664533
pastina,12,prophet_ipim_cac_var_materials,2,2024-12-01,2025-10-01,2473.24,2907.5353891412988,434.295389141299,17.559775401550155
pastina,12,prophet_ipim_cac_var_materials,2,2024-12-01,2025-11-01,2535.07,2997.260852886474,462.19085288647375,18.231877340131582
pastina,12,prophet_ipim_cac_var_materials,2,2024-12-01,2025-12-01,2606.05,3089.1193164487977,483.0693164487975,18.536456186519732
membrana-megaflex,3,naive_last,1,2023-12-01,2024-01-01,3037.3725,2518.5555,518.817,17.081112046678506
membrana-megaflex,3,naive_last,1,2023-12-01,2024-02-01,5296.714,2518.5555,2778.1585,52.450604280314174
membrana-megaflex,3,naive_last,1,2023-12-01,2024-03-01,5296.714,2518.5555,2778.1585,52.450604280314174
membrana-megaflex,3,naive_last,2,2024-03-01,2024-04-01,5762.8245,5296.714,466.1104999999998,8.088229999022177
membrana-megaflex,3,naive_last,2,2024-03-01,2024-05-01,6004.8635,5296.714,708.1495000000004,11.792932512121224
membrana-megaflex,3,naive_last,2,2024-03-01,2024-06-01,6280.8445,5296.714,984.1305000000002,15.668760785273383
membrana-megaflex,3,naive_last,3,2024-06-01,2024-07-01,6532.0785,6280.8445,251.23399999999947,3.8461570846094313
membrana-megaflex,3,naive_last,3,2024-06-01,2024-08-01,6806.4255,6280.8445,525.5810000000001,7.72183578590554
membrana-megaflex,3,naive_last,3,2024-06-01,2024-09-01,7044.651,6280.8445,763.8064999999997,10.842361104900721
membrana-megaflex,3,naive_last,4,2024-09-01,2024-10-01,7234.856,7044.651,190.20499999999993,2.629008787458934
membrana-megaflex,3,naive_last,4,2024-09-01,2024-11-01,7408.5,7044.651,363.84900000000016,4.911237092528855
membrana-megaflex,3,naive_last,4,2024-09-01,2024-12-01,7608.5225,7044.651,563.8715000000002,7.4110512257800405
membrana-megaflex,3,naive_last,5,2024-12-01,2025-01-01,7775.9095,7608.5225,167.38699999999972,2.15263564988764
membrana-megaflex,3,naive_last,5,2024-12-01,2025-02-01,7820.7315,7608.5225,212.20899999999983,2.713416257801458
membrana-megaflex,3,naive_last,5,2024-12-01,2025-03-01,7820.7315,7608.5225,212.20899999999983,2.713416257801458
membrana-megaflex,3,naive_last,6,2025-03-01,2025-04-01,7820.7315,7820.7315,0.0,0.0
membrana-megaflex,3,naive_last,6,2025-03-01,2025-05-01,7820.7315,7820.7315,0.0,0.0
membrana-megaflex,3,naive_last,6,2025-03-01,2025-06-01,7820.7315,7820.7315,0.0,0.0
membrana-megaflex,3,naive_last,7,2025-06-01,2025-07-01,7969.325,7820.7315,148.59349999999995,1.8645682037060847
membrana-megaflex,3,naive_last,7,2025-06-01,2025-08-01,8120.7425,7820.7315,300.0110000000004,3.694378931483179
membrana-megaflex,3,naive_last,7,2025-06-01,2025-09-01,8016.25,7820.7315,195.51850000000013,2.4390269764540795
membrana-megaflex,3,naive_last,8,2025-09-01,2025-10-01,8200.623,8016.25,184.3729999999996,2.248280405037515
membrana-megaflex,3,naive_last,8,2025-09-01,2025-11-01,8405.639,8016.25,389.3889999999992,4.632473509747435
membrana-megaflex,3,naive_last,8,2025-09-01,2025-12-01,8328.8835,8016.25,312.6334999999999,3.753606350719156
membrana-megaflex,3,naive_last,9,2025-12-01,2026-01-01,8328.8835,8328.8835,0.0,0.0
membrana-megaflex,3,naive_last,9,2025-12-01,2026-02-01,8328.8835,8328.8835,0.0,0.0
membrana-megaflex,3,naive_last,9,2025-12-01,2026-03-01,8612.0655,8328.8835,283.1820000000007,3.288200722579278
membrana-megaflex,3,prophet_base,1,2023-12-01,2024-01-01,3037.3725,1893.0549705198223,1144.3175294801777,37.674586488162966
membrana-megaflex,3,prophet_base,1,2023-12-01,2024-02-01,5296.714,1972.484723704061,3324.2292762959387,62.76021843535329
membrana-megaflex,3,prophet_base,1,2023-12-01,2024-03-01,5296.714,2046.789976682864,3249.924023317136,61.357362759573874
membrana-megaflex,3,prophet_base,2,2024-03-01,2024-04-01,5762.8245,3222.3861801410408,2540.438319858959,44.08321509459397
membrana-megaflex,3,prophet_base,2,2024-03-01,2024-05-01,6004.8635,3356.0421872967613,2648.821312703239,44.11126602133819
membrana-megaflex,3,prophet_base,2,2024-03-01,2024-06-01,6280.8445,3494.153394691007,2786.691105308993,44.3680958079601
membrana-megaflex,3,prophet_base,3,2024-06-01,2024-07-01,6532.0785,4623.0196535167415,1909.058846483258,29.225901778174563
membrana-megaflex,3,prophet_base,3,2024-06-01,2024-08-01,6806.4255,4809.81197608087,1996.6135239191299,29.334244882561777
membrana-megaflex,3,prophet_base,3,2024-06-01,2024-09-01,7044.651,4996.604298645001,2048.0467013549987,29.07236570491567
membrana-megaflex,3,prophet_base,4,2024-09-01,2024-10-01,7234.856,5872.364557579941,1362.4914424200588,18.832322888251802
membrana-megaflex,3,prophet_base,4,2024-09-01,2024-11-01,7408.5,6088.077007699647,1320.4229923003531,17.82308149153477
membrana-megaflex,3,prophet_base,4,2024-09-01,2024-12-01,7608.5225,6296.83099168646,1311.69150831354,17.2397664370913
membrana-megaflex,3,prophet_base,5,2024-12-01,2025-01-01,7775.9095,6891.082024939312,884.8274750606879,11.379086588658058
membrana-megaflex,3,prophet_base,5,2024-12-01,2025-02-01,7820.7315,7122.979718237735,697.7517817622647,8.92182248888438
membrana-megaflex,3,prophet_base,5,2024-12-01,2025-03-01,7820.7315,7332.435699281475,488.29580071852524,6.243607784240199
membrana-megaflex,3,prophet_base,6,2025-03-01,2025-04-01,7820.7315,7804.572853675069,16.158646324930487,0.20661297891291225
membrana-megaflex,3,prophet_base,6,2025-03-01,2025-05-01,7820.7315,8038.1039590090495,217.37245900904963,2.779438969475549
membrana-megaflex,3,prophet_base,6,2025-03-01,2025-06-01,7820.7315,8279.419434520829,458.687934520829,5.865025982810291
membrana-megaflex,3,prophet_base,7,2025-06-01,2025-07-01,7969.325,8435.749598870041,466.42459887004134,5.852749120785529
membrana-megaflex,3,prophet_base,7,2025-06-01,2025-08-01,8120.7425,8674.486615887554,553.7441158875536,6.818885291431831
membrana-megaflex,3,prophet_base,7,2025-06-01,2025-09-01,8016.25,8913.223632905067,896.9736329050666,11.189441857540203
membrana-megaflex,3,prophet_base,8,2025-09-01,2025-10-01,8200.623,8995.568827242201,794.9458272422016,9.69372482117763
membrana-megaflex,3,prophet_base,8,2025-09-01,2025-11-01,8405.639,9229.281855695359,823.6428556953597,9.798694134917758
membrana-megaflex,3,prophet_base,8,2025-09-01,2025-12-01,8328.8835,9455.45575419842,1126.5722541984196,13.526089711765325
membrana-megaflex,3,prophet_base,9,2025-12-01,2026-01-01,8328.8835,9462.698479629746,1133.8149796297457,13.613048851382612
membrana-megaflex,3,prophet_base,9,2025-12-01,2026-02-01,8328.8835,9689.608130832114,1360.7246308321137,16.337419425210037
membrana-megaflex,3,prophet_base,9,2025-12-01,2026-03-01,8612.0655,9894.558783531023,1282.4932835310228,14.891819895366828
membrana-megaflex,3,prophet_ipim_icc_var_general,1,2023-12-01,2024-01-01,3037.3725,2992.929425899576,44.44307410042393,1.463207891044774
membrana-megaflex,3,prophet_ipim_icc_var_general,1,2023-12-01,2024-02-01,5296.714,3408.0087549106283,1888.7052450893716,35.658056015283655
membrana-megaflex,3,prophet_ipim_icc_var_general,1,2023-12-01,2024-03-01,5296.714,3870.974077292115,1425.739922707885,26.91744207272443
membrana-megaflex,3,prophet_ipim_icc_var_general,2,2024-03-01,2024-04-01,5762.8245,5795.864142771117,33.03964277111754,0.5733237715484402
membrana-megaflex,3,prophet_ipim_icc_var_general,2,2024-03-01,2024-05-01,6004.8635,6634.651582453451,629.7880824534504,10.487966669907657
membrana-megaflex,3,prophet_ipim_icc_var_general,2,2024-03-01,2024-06-01,6280.8445,7586.322743790394,1305.4782437903941,20.785075061011206
membrana-megaflex,3,prophet_ipim_icc_var_general,3,2024-06-01,2024-07-01,6532.0785,6973.5412686253685,441.4627686253689,6.7583812507055585
membrana-megaflex,3,prophet_ipim_icc_var_general,3,2024-06-01,2024-08-01,6806.4255,7865.982999281667,1059.5574992816664,15.567018243006794
membrana-megaflex,3,prophet_ipim_icc_var_general,3,2024-06-01,2024-09-01,7044.651,8868.420822628175,1823.7698226281755,25.888717874429485
membrana-megaflex,3,prophet_ipim_icc_var_general,4,2024-09-01,2024-10-01,7234.856,7373.425633395552,138.56963339555205,1.9153060322907884
membrana-megaflex,3,prophet_ipim_icc_var_general,4,2024-09-01,2024-11-01,7408.5,8119.099064941689,710.599064941689,9.591672605003563
membrana-megaflex,3,prophet_ipim_icc_var_general,4,2024-09-01,2024-12-01,7608.5225,8936.64985444282,1328.1273544428195,17.455785330763227
membrana-megaflex,3,prophet_ipim_icc_var_general,5,2024-12-01,2025-01-01,7775.9095,7082.228031011782,693.6814689882176,8.92090460914209
membrana-megaflex,3,prophet_ipim_icc_var_general,5,2024-12-01,2025-02-01,7820.7315,7331.487195310907,489.24430468909304,6.2557358565383945
membrana-megaflex,3,prophet_ipim_icc_var_general,5,2024-12-01,2025-03-01,7820.7315,7587.824482949727,232.90701705027277,2.978072026258321
membrana-megaflex,3,prophet_ipim_icc_var_general,6,2025-03-01,2025-04-01,7820.7315,7967.919516526785,147.18801652678485,1.882023651199186
membrana-megaflex,3,prophet_ipim_icc_var_general,6,2025-03-01,2025-05-01,7820.7315,8128.1756902129855,307.44419021298563,3.931143655973685
membrana-megaflex,3,prophet_ipim_icc_var_general,6,2025-03-01,2025-06-01,7820.7315,8291.682384319409,470.95088431940894,6.021826530157812
membrana-megaflex,3,prophet_ipim_icc_var_general,7,2025-06-01,2025-07-01,7969.325,8199.359474903104,230.03447490310373,2.8864988553372304
membrana-megaflex,3,prophet_ipim_icc_var_general,7,2025-06-01,2025-08-01,8120.7425,8326.625688533957,205.88318853395685,2.53527542012269
membrana-megaflex,3,prophet_ipim_icc_var_general,7,2025-06-01,2025-09-01,8016.25,8455.667846497383,439.4178464973829,5.481588604364671
membrana-megaflex,3,prophet_ipim_icc_var_general,8,2025-09-01,2025-10-01,8200.623,8803.236507338619,602.6135073386195,7.348386913270119
membrana-megaflex,3,prophet_ipim_icc_var_general,8,2025-09-01,2025-11-01,8405.639,8974.006058146442,568.367058146443,6.76173528444944
membrana-megaflex,3,prophet_ipim_icc_var_general,8,2025-09-01,2025-12-01,8328.8835,9147.965031623602,819.0815316236021,9.83422966143784
membrana-megaflex,3,prophet_ipim_icc_var_general,9,2025-12-01,2026-01-01,8328.8835,9204.594370705025,875.7108707050247,10.51414479149606
membrana-megaflex,3,prophet_ipim_icc_var_general,9,2025-12-01,2026-02-01,8328.8835,9390.515335543072,1061.6318355430722,12.746388342964243
membrana-megaflex,3,prophet_ipim_icc_var_general,9,2025-12-01,2026-03-01,8612.0655,9581.304334094308,969.2388340943071,11.254429429203796
membrana-megaflex,3,prophet_ipim_icc_var_materials,1,2023-12-01,2024-01-01,3037.3725,3006.2168315320373,31.15566846796264,1.0257440754455585
membrana-megaflex,3,prophet_ipim_icc_var_materials,1,2023-12-01,2024-02-01,5296.714,3450.7399651579635,1845.9740348420364,34.851306580684486
membrana-megaflex,3,prophet_ipim_icc_var_materials,1,2023-12-01,2024-03-01,5296.714,3947.777943693558,1348.936056306442,25.467413500265295
membrana-megaflex,3,prophet_ipim_icc_var_materials,2,2024-03-01,2024-04-01,5762.8245,5763.203805644598,0.37930564459838934,0.006581939890732216
membrana-megaflex,3,prophet_ipim_icc_var_materials,2,2024-03-01,2024-05-01,6004.8635,6585.848995134008,580.9854951340076,9.675248989989656
membrana-megaflex,3,prophet_ipim_icc_var_materials,2,2024-03-01,2024-06-01,6280.8445,7519.794328147854,1238.9498281478536,19.72584782425124
membrana-megaflex,3,prophet_ipim_icc_var_materials,3,2024-06-01,2024-07-01,6532.0785,6782.278706889533,250.20020688953355,3.8303306809545163
membrana-megaflex,3,prophet_ipim_icc_var_materials,3,2024-06-01,2024-08-01,6806.4255,7657.636377375365,851.2108773753644,12.505989779442444
membrana-megaflex,3,prophet_ipim_icc_var_materials,3,2024-06-01,2024-09-01,7044.651,8641.468986474483,1596.8179864744834,22.667098575564403
membrana-megaflex,3,prophet_ipim_icc_var_materials,4,2024-09-01,2024-10-01,7234.856,7335.457329591807,100.60132959180737,1.3905090798186912
membrana-megaflex,3,prophet_ipim_icc_var_materials,4,2024-09-01,2024-11-01,7408.5,8079.792643372779,671.2926433727789,9.061114171192264
membrana-megaflex,3,prophet_ipim_icc_var_materials,4,2024-09-01,2024-12-01,7608.5225,8896.676465583721,1288.1539655837214,16.930408835404265
membrana-megaflex,3,prophet_ipim_icc_var_materials,5,2024-12-01,2025-01-01,7775.9095,7359.903972752125,416.00552724787485,5.3499275840064096
membrana-megaflex,3,prophet_ipim_icc_var_materials,5,2024-12-01,2025-02-01,7820.7315,7605.763006849789,214.96849315021063,2.7487005934190507
membrana-megaflex,3,prophet_ipim_icc_var_materials,5,2024-12-01,2025-03-01,7820.7315,7859.268618971857,38.537118971857126,0.49275593941381474
membrana-megaflex,3,prophet_ipim_icc_var_materials,6,2025-03-01,2025-04-01,7820.7315,7783.5346945050915,37.1968054949084,0.47561798400710226
membrana-megaflex,3,prophet_ipim_icc_var_materials,6,2025-03-01,2025-05-01,7820.7315,7942.599586848128,121.86808684812786,1.5582696688682875
membrana-megaflex,3,prophet_ipim_icc_var_materials,6,2025-03-01,2025-06-01,7820.7315,8104.865027252006,284.1335272520064,3.633081218195592
membrana-megaflex,3,prophet_ipim_icc_var_materials,7,2025-06-01,2025-07-01,7969.325,8077.125973088261,107.80097308826134,1.3526989185189628
membrana-megaflex,3,prophet_ipim_icc_var_materials,7,2025-06-01,2025-08-01,8120.7425,8204.89819282031,84.15569282030992,1.0363053972011786
membrana-megaflex,3,prophet_ipim_icc_var_materials,7,2025-06-01,2025-09-01,8016.25,8334.442624239266,318.19262423926557,3.9693450708157254
membrana-megaflex,3,prophet_ipim_icc_var_materials,8,2025-09-01,2025-10-01,8200.623,8759.367467629623,558.7444676296236,6.813439267109629
membrana-megaflex,3,prophet_ipim_icc_var_materials,8,2025-09-01,2025-11-01,8405.639,8931.193552372697,525.5545523726978,6.252404515262882
membrana-megaflex,3,prophet_ipim_icc_var_materials,8,2025-09-01,2025-12-01,8328.8835,9106.137523498279,777.2540234982789,9.332031400106375
membrana-megaflex,3,prophet_ipim_icc_var_materials,9,2025-12-01,2026-01-01,8328.8835,9140.381449396542,811.497949396542,9.743178054976301
membrana-megaflex,3,prophet_ipim_icc_var_materials,9,2025-12-01,2026-02-01,8328.8835,9327.646941071745,998.7634410717455,11.991564548498554
membrana-megaflex,3,prophet_ipim_icc_var_materials,9,2025-12-01,2026-03-01,8612.0655,9519.471095253382,907.4055952533818,10.53644558617653
membrana-megaflex,6,naive_last,1,2023-12-01,2024-01-01,3037.3725,2518.5555,518.817,17.081112046678506
membrana-megaflex,6,naive_last,1,2023-12-01,2024-02-01,5296.714,2518.5555,2778.1585,52.450604280314174
membrana-megaflex,6,naive_last,1,2023-12-01,2024-03-01,5296.714,2518.5555,2778.1585,52.450604280314174
membrana-megaflex,6,naive_last,1,2023-12-01,2024-04-01,5762.8245,2518.5555,3244.269,56.296508769267575
membrana-megaflex,6,naive_last,1,2023-12-01,2024-05-01,6004.8635,2518.5555,3486.3080000000004,58.058072427458185
membrana-megaflex,6,naive_last,1,2023-12-01,2024-06-01,6280.8445,2518.5555,3762.289,59.90100535047477
membrana-megaflex,6,naive_last,2,2024-06-01,2024-07-01,6532.0785,6280.8445,251.23399999999947,3.8461570846094313
membrana-megaflex,6,naive_last,2,2024-06-01,2024-08-01,6806.4255,6280.8445,525.5810000000001,7.72183578590554
membrana-megaflex,6,naive_last,2,2024-06-01,2024-09-01,7044.651,6280.8445,763.8064999999997,10.842361104900721
membrana-megaflex,6,naive_last,2,2024-06-01,2024-10-01,7234.856,6280.8445,954.0114999999996,13.186323266143784
membrana-megaflex,6,naive_last,2,2024-06-01,2024-11-01,7408.5,6280.8445,1127.6554999999998,15.22110413713977
membrana-megaflex,6,naive_last,2,2024-06-01,2024-12-01,7608.5225,6280.8445,1327.6779999999999,17.449879395112518
membrana-megaflex,6,naive_last,3,2024-12-01,2025-01-01,7775.9095,7608.5225,167.38699999999972,2.15263564988764
membrana-megaflex,6,naive_last,3,2024-12-01,2025-02-01,7820.7315,7608.5225,212.20899999999983,2.713416257801458
membrana-megaflex,6,naive_last,3,2024-12-01,2025-03-01,7820.7315,7608.5225,212.20899999999983,2.713416257801458
membrana-megaflex,6,naive_last,3,2024-12-01,2025-04-01,7820.7315,7608.5225,212.20899999999983,2.713416257801458
membrana-megaflex,6,naive_last,3,2024-12-01,2025-05-01,7820.7315,7608.5225,212.20899999999983,2.713416257801458
membrana-megaflex,6,naive_last,3,2024-12-01,2025-06-01,7820.7315,7608.5225,212.20899999999983,2.713416257801458
membrana-megaflex,6,naive_last,4,2025-06-01,2025-07-01,7969.325,7820.7315,148.59349999999995,1.8645682037060847
membrana-megaflex,6,naive_last,4,2025-06-01,2025-08-01,8120.7425,7820.7315,300.0110000000004,3.694378931483179
membrana-megaflex,6,naive_last,4,2025-06-01,2025-09-01,8016.25,7820.7315,195.51850000000013,2.4390269764540795
membrana-megaflex,6,naive_last,4,2025-06-01,2025-10-01,8200.623,7820.7315,379.8914999999997,4.632471215906398
membrana-megaflex,6,naive_last,4,2025-06-01,2025-11-01,8405.639,7820.7315,584.9074999999993,6.958513207621686
membrana-megaflex,6,naive_last,4,2025-06-01,2025-12-01,8328.8835,7820.7315,508.15200000000004,6.101081855689301
membrana-megaflex,6,prophet_base,1,2023-12-01,2024-01-01,3037.3725,1893.0549705198223,1144.3175294801777,37.674586488162966
membrana-megaflex,6,prophet_base,1,2023-12-01,2024-02-01,5296.714,1972.484723704061,3324.2292762959387,62.76021843535329
membrana-megaflex,6,prophet_base,1,2023-12-01,2024-03-01,5296.714,2046.789976682864,3249.924023317136,61.357362759573874
membrana-megaflex,6,prophet_base,1,2023-12-01,2024-04-01,5762.8245,2126.2197298671026,3636.604770132897,63.104555242535966
membrana-megaflex,6,prophet_base,1,2023-12-01,2024-05-01,6004.8635,2203.0872329486233,3801.776267051377,63.31161844147459
membrana-megaflex,6,prophet_base,1,2023-12-01,2024-06-01,6280.8445,2282.516986132862,3998.3275138671384,63.659075047426164
membrana-megaflex,6,prophet_base,2,2024-06-01,2024-07-01,6532.0785,4623.0196535167415,1909.058846483258,29.225901778174563
membrana-megaflex,6,prophet_base,2,2024-06-01,2024-08-01,6806.4255,4809.81197608087,1996.6135239191299,29.334244882561777
membrana-megaflex,6,prophet_base,2,2024-06-01,2024-09-01,7044.651,4996.604298645001,2048.0467013549987,29.07236570491567
membrana-megaflex,6,prophet_base,2,2024-06-01,2024-10-01,7234.856,5177.371062416739,2057.484937583261,28.438505722619233
membrana-megaflex,6,prophet_base,2,2024-06-01,2024-11-01,7408.5,5364.163384980869,2044.3366150191314,27.594474117825897
membrana-megaflex,6,prophet_base,2,2024-06-01,2024-12-01,7608.5225,5544.930148752606,2063.5923512473937,27.1221166954214
membrana-megaflex,6,prophet_base,3,2024-12-01,2025-01-01,7775.9095,6891.082024939312,884.8274750606879,11.379086588658058
membrana-megaflex,6,prophet_base,3,2024-12-01,2025-02-01,7820.7315,7122.979718237735,697.7517817622647,8.92182248888438
membrana-megaflex,6,prophet_base,3,2024-12-01,2025-03-01,7820.7315,7332.435699281475,488.29580071852524,6.243607784240199
membrana-megaflex,6,prophet_base,3,2024-12-01,2025-04-01,7820.7315,7564.333392579898,256.39810742010195,3.278441504098459
membrana-megaflex,6,prophet_base,3,2024-12-01,2025-05-01,7820.7315,7788.75051512676,31.98098487324023,0.40892574912257545
membrana-megaflex,6,prophet_base,3,2024-12-01,2025-06-01,7820.7315,8020.648208425185,199.91670842518488,2.5562405310191876
membrana-megaflex,6,prophet_base,4,2025-06-01,2025-07-01,7969.325,8435.749598870041,466.42459887004134,5.852749120785529
membrana-megaflex,6,prophet_base,4,2025-06-01,2025-08-01,8120.7425,8674.486615887554,553.7441158875536,6.818885291431831
membrana-megaflex,6,prophet_base,4,2025-06-01,2025-09-01,8016.25,8913.223632905067,896.9736329050666,11.189441857540203
membrana-megaflex,6,prophet_base,4,2025-06-01,2025-10-01,8200.623,9144.25945582524,943.6364558252408,11.506887413617733
membrana-megaflex,6,prophet_base,4,2025-06-01,2025-11-01,8405.639,9382.996472842751,977.357472842752,11.627402424048332
membrana-megaflex,6,prophet_base,4,2025-06-01,2025-12-01,8328.8835,9614.032295762925,1285.1487957629251,15.430024873837233
membrana-megaflex,6,prophet_ipim_icc_var_general,1,2023-12-01,2024-01-01,3037.3725,2992.929425899576,44.44307410042393,1.463207891044774
membrana-megaflex,6,prophet_ipim_icc_var_general,1,2023-12-01,2024-02-01,5296.714,3408.0087549106283,1888.7052450893716,35.658056015283655
membrana-megaflex,6,prophet_ipim_icc_var_general,1,2023-12-01,2024-03-01,5296.714,3870.974077292115,1425.739922707885,26.91744207272443
membrana-megaflex,6,prophet_ipim_icc_var_general,1,2023-12-01,2024-04-01,5762.8245,4389.559507201262,1373.2649927987377,23.82972087383084
membrana-megaflex,6,prophet_ipim_icc_var_general,1,2023-12-01,2024-05-01,6004.8635,4969.069852652437,1035.7936473475638,17.249245504873905
membrana-megaflex,6,prophet_ipim_icc_var_general,1,2023-12-01,2024-06-01,6280.8445,5617.870044610796,662.9744553892042,10.55549863380958
membrana-megaflex,6,prophet_ipim_icc_var_general,2,2024-06-01,2024-07-01,6532.0785,6973.5412686253685,441.4627686253689,6.7583812507055585
membrana-megaflex,6,prophet_ipim_icc_var_general,2,2024-06-01,2024-08-01,6806.4255,7865.982999281667,1059.5574992816664,15.567018243006794
membrana-megaflex,6,prophet_ipim_icc_var_general,2,2024-06-01,2024-09-01,7044.651,8868.420822628175,1823.7698226281755,25.888717874429485
membrana-megaflex,6,prophet_ipim_icc_var_general,2,2024-06-01,2024-10-01,7234.856,9994.408884934315,2759.5528849343154,38.142471459477775
membrana-megaflex,6,prophet_ipim_icc_var_general,2,2024-06-01,2024-11-01,7408.5,11259.19115875606,3850.6911587560608,51.97666408525424
membrana-megaflex,6,prophet_ipim_icc_var_general,2,2024-06-01,2024-12-01,7608.5225,12679.865197228402,5071.342697228402,66.65344943421542
membrana-megaflex,6,prophet_ipim_icc_var_general,3,2024-12-01,2025-01-01,7775.9095,7082.228031011782,693.6814689882176,8.92090460914209
membrana-megaflex,6,prophet_ipim_icc_var_general,3,2024-12-01,2025-02-01,7820.7315,7331.487195310907,489.24430468909304,6.2557358565383945
membrana-megaflex,6,prophet_ipim_icc_var_general,3,2024-12-01,2025-03-01,7820.7315,7587.824482949727,232.90701705027277,2.978072026258321
membrana-megaflex,6,prophet_ipim_icc_var_general,3,2024-12-01,2025-04-01,7820.7315,7852.901882849528,32.17038284952832,0.4113474915936997
membrana-megaflex,6,prophet_ipim_icc_var_general,3,2024-12-01,2025-05-01,7820.7315,8126.036798415107,305.30529841510725,3.9037946567416006
membrana-megaflex,6,prophet_ipim_icc_var_general,3,2024-12-01,2025-06-01,7820.7315,8407.966532097756,587.2350320977566,7.508697007405978
membrana-megaflex,6,prophet_ipim_icc_var_general,4,2025-06-01,2025-07-01,7969.325,8199.359474903104,230.03447490310373,2.8864988553372304
membrana-megaflex,6,prophet_ipim_icc_var_general,4,2025-06-01,2025-08-01,8120.7425,8326.625688533957,205.88318853395685,2.53527542012269
membrana-megaflex,6,prophet_ipim_icc_var_general,4,2025-06-01,2025-09-01,8016.25,8455.667846497383,439.4178464973829,5.481588604364671
membrana-megaflex,6,prophet_ipim_icc_var_general,4,2025-06-01,2025-10-01,8200.623,8586.276327628932,385.65332762893195,4.702732068392023
membrana-megaflex,6,prophet_ipim_icc_var_general,4,2025-06-01,2025-11-01,8405.639,8718.949643985688,313.31064398568924,3.7273863888954697
membrana-megaflex,6,prophet_ipim_icc_var_general,4,2025-06-01,2025-12-01,8328.8835,8853.243044089435,524.3595440894351,6.2956762943008515
membrana-megaflex,6,prophet_ipim_icc_var_materials,1,2023-12-01,2024-01-01,3037.3725,3006.2168315320373,31.15566846796264,1.0257440754455585
membrana-megaflex,6,prophet_ipim_icc_var_materials,1,2023-12-01,2024-02-01,5296.714,3450.7399651579626,1845.9740348420373,34.85130658068451
membrana-megaflex,6,prophet_ipim_icc_var_materials,1,2023-12-01,2024-03-01,5296.714,3947.777943693558,1348.936056306442,25.467413500265295
membrana-megaflex,6,prophet_ipim_icc_var_materials,1,2023-12-01,2024-04-01,5762.8245,4504.857360163182,1257.9671398368173,21.829003118814693
membrana-megaflex,6,prophet_ipim_icc_var_materials,1,2023-12-01,2024-05-01,6004.8635,5128.409677043361,876.4538229566397,14.595732658313377
membrana-megaflex,6,prophet_ipim_icc_var_materials,1,2023-12-01,2024-06-01,6280.8445,5827.089341812027,453.7551581879734,7.22442910643582
membrana-megaflex,6,prophet_ipim_icc_var_materials,2,2024-06-01,2024-07-01,6532.0785,6782.278706889533,250.20020688953355,3.8303306809545163
membrana-megaflex,6,prophet_ipim_icc_var_materials,2,2024-06-01,2024-08-01,6806.4255,7657.636377375365,851.2108773753644,12.505989779442444
membrana-megaflex,6,prophet_ipim_icc_var_materials,2,2024-06-01,2024-09-01,7044.651,8641.468986474485,1596.8179864744852,22.667098575564427
membrana-megaflex,6,prophet_ipim_icc_var_materials,2,2024-06-01,2024-10-01,7234.856,9747.296216533723,2512.4402165337233,34.72688629232874
membrana-megaflex,6,prophet_ipim_icc_var_materials,2,2024-06-01,2024-11-01,7408.5,10989.845271506842,3581.3452715068415,48.34103086329002
membrana-megaflex,6,prophet_ipim_icc_var_materials,2,2024-06-01,2024-12-01,7608.5225,12386.283216847154,4777.760716847154,62.79485559577637
membrana-megaflex,6,prophet_ipim_icc_var_materials,3,2024-12-01,2025-01-01,7775.9095,7359.903972752125,416.00552724787485,5.3499275840064096
membrana-megaflex,6,prophet_ipim_icc_var_materials,3,2024-12-01,2025-02-01,7820.7315,7605.763006849789,214.96849315021063,2.7487005934190507
membrana-megaflex,6,prophet_ipim_icc_var_materials,3,2024-12-01,2025-03-01,7820.7315,7859.268618971855,38.53711897185531,0.4927559394137915
membrana-megaflex,6,prophet_ipim_icc_var_materials,3,2024-12-01,2025-04-01,7820.7315,8121.067268276518,300.33576827651814,3.840251621942502
membrana-megaflex,6,prophet_ipim_icc_var_materials,3,2024-12-01,2025-05-01,7820.7315,8391.156642243295,570.4251422432953,7.293756885059861
membrana-megaflex,6,prophet_ipim_icc_var_materials,3,2024-12-01,2025-06-01,7820.7315,8669.936939983323,849.2054399833232,10.858388885788028
membrana-megaflex,6,prophet_ipim_icc_var_materials,4,2025-06-01,2025-07-01,7969.325,8077.125973088261,107.80097308826134,1.3526989185189628
membrana-megaflex,6,prophet_ipim_icc_var_materials,4,2025-06-01,2025-08-01,8120.7425,8204.89819282031,84.15569282030992,1.0363053972011786
membrana-megaflex,6,prophet_ipim_icc_var_materials,4,2025-06-01,2025-09-01,8016.25,8334.442624239266,318.19262423926557,3.9693450708157254
membrana-megaflex,6,prophet_ipim_icc_var_materials,4,2025-06-01,2025-10-01,8200.623,8465.525135410568,264.902135410568,3.230268424857087
membrana-megaflex,6,prophet_ipim_icc_var_materials,4,2025-06-01,2025-11-01,8405.639,8598.693093323927,193.0540933239281,2.2967212049426355
membrana-megaflex,6,prophet_ipim_icc_var_materials,4,2025-06-01,2025-12-01,8328.8835,8733.45277857555,404.5692785755509,4.857425110767259
membrana-megaflex,12,naive_last,1,2023-12-01,2024-01-01,3037.3725,2518.5555,518.817,17.081112046678506
membrana-megaflex,12,naive_last,1,2023-12-01,2024-02-01,5296.714,2518.5555,2778.1585,52.450604280314174
membrana-megaflex,12,naive_last,1,2023-12-01,2024-03-01,5296.714,2518.5555,2778.1585,52.450604280314174
membrana-megaflex,12,naive_last,1,2023-12-01,2024-04-01,5762.8245,2518.5555,3244.269,56.296508769267575
membrana-megaflex,12,naive_last,1,2023-12-01,2024-05-01,6004.8635,2518.5555,3486.3080000000004,58.058072427458185
membrana-megaflex,12,naive_last,1,2023-12-01,2024-06-01,6280.8445,2518.5555,3762.289,59.90100535047477
membrana-megaflex,12,naive_last,1,2023-12-01,2024-07-01,6532.0785,2518.5555,4013.5229999999997,61.44327567404464
membrana-megaflex,12,naive_last,1,2023-12-01,2024-08-01,6806.4255,2518.5555,4287.870000000001,62.99738386911016
membrana-megaflex,12,naive_last,1,2023-12-01,2024-09-01,7044.651,2518.5555,4526.095499999999,64.2486831498111
membrana-megaflex,12,naive_last,1,2023-12-01,2024-10-01,7234.856,2518.5555,4716.300499999999,65.18858841143485
membrana-megaflex,12,naive_last,1,2023-12-01,2024-11-01,7408.5,2518.5555,4889.9445,66.0045150840251
membrana-megaflex,12,naive_last,1,2023-12-01,2024-12-01,7608.5225,2518.5555,5089.967000000001,66.89823155546955
membrana-megaflex,12,naive_last,2,2024-12-01,2025-01-01,7775.9095,7608.5225,167.38699999999972,2.15263564988764
membrana-megaflex,12,naive_last,2,2024-12-01,2025-02-01,7820.7315,7608.5225,212.20899999999983,2.713416257801458
membrana-megaflex,12,naive_last,2,2024-12-01,2025-03-01,7820.7315,7608.5225,212.20899999999983,2.713416257801458
membrana-megaflex,12,naive_last,2,2024-12-01,2025-04-01,7820.7315,7608.5225,212.20899999999983,2.713416257801458
membrana-megaflex,12,naive_last,2,2024-12-01,2025-05-01,7820.7315,7608.5225,212.20899999999983,2.713416257801458
membrana-megaflex,12,naive_last,2,2024-12-01,2025-06-01,7820.7315,7608.5225,212.20899999999983,2.713416257801458
membrana-megaflex,12,naive_last,2,2024-12-01,2025-07-01,7969.325,7608.5225,360.8024999999998,4.527390964730386
membrana-megaflex,12,naive_last,2,2024-12-01,2025-08-01,8120.7425,7608.5225,512.2200000000003,6.307551310732981
membrana-megaflex,12,naive_last,2,2024-12-01,2025-09-01,8016.25,7608.5225,407.72749999999996,5.086262279744269
membrana-megaflex,12,naive_last,2,2024-12-01,2025-10-01,8200.623,7608.5225,592.1004999999996,7.220189246597479
membrana-megaflex,12,naive_last,2,2024-12-01,2025-11-01,8405.639,7608.5225,797.1164999999992,9.483116036746274
membrana-megaflex,12,naive_last,2,2024-12-01,2025-12-01,8328.8835,7608.5225,720.3609999999999,8.648950366516711
membrana-megaflex,12,prophet_base,1,2023-12-01,2024-01-01,3037.3725,1893.0549705198223,1144.3175294801777,37.674586488162966
membrana-megaflex,12,prophet_base,1,2023-12-01,2024-02-01,5296.714,1972.484723704061,3324.2292762959387,62.76021843535329
membrana-megaflex,12,prophet_base,1,2023-12-01,2024-03-01,5296.714,2046.789976682864,3249.924023317136,61.357362759573874
membrana-megaflex,12,prophet_base,1,2023-12-01,2024-04-01,5762.8245,2126.2197298671026,3636.604770132897,63.104555242535966
membrana-megaflex,12,prophet_base,1,2023-12-01,2024-05-01,6004.8635,2203.0872329486233,3801.776267051377,63.31161844147459
membrana-megaflex,12,prophet_base,1,2023-12-01,2024-06-01,6280.8445,2282.516986132862,3998.3275138671384,63.659075047426164
membrana-megaflex,12,prophet_base,1,2023-12-01,2024-07-01,6532.0785,2359.3844892143825,4172.694010785617,63.880034674807064
membrana-megaflex,12,prophet_base,1,2023-12-01,2024-08-01,6806.4255,2438.814242398621,4367.611257601379,64.16894238541771
membrana-megaflex,12,prophet_base,1,2023-12-01,2024-09-01,7044.651,2518.2439955828595,4526.40700441714,64.25310500714855
membrana-megaflex,12,prophet_base,1,2023-12-01,2024-10-01,7234.856,2595.11149866438,4639.744501335619,64.13043329868098
membrana-megaflex,12,prophet_base,1,2023-12-01,2024-11-01,7408.5,2674.5412518486187,4733.958748151381,63.8990179948894
membrana-megaflex,12,prophet_base,1,2023-12-01,2024-12-01,7608.5225,2751.4087549301394,4857.113745069861,63.83780484410555
membrana-megaflex,12,prophet_base,2,2024-12-01,2025-01-01,7775.9095,6891.082024939312,884.8274750606879,11.379086588658058
membrana-megaflex,12,prophet_base,2,2024-12-01,2025-02-01,7820.7315,7122.979718237735,697.7517817622647,8.92182248888438
membrana-megaflex,12,prophet_base,2,2024-12-01,2025-03-01,7820.7315,7332.435699281475,488.29580071852524,6.243607784240199
membrana-megaflex,12,prophet_base,2,2024-12-01,2025-04-01,7820.7315,7564.333392579898,256.39810742010195,3.278441504098459
membrana-megaflex,12,prophet_base,2,2024-12-01,2025-05-01,7820.7315,7788.75051512676,31.98098487324023,0.40892574912257545
membrana-megaflex,12,prophet_base,2,2024-12-01,2025-06-01,7820.7315,8020.648208425185,199.91670842518488,2.5562405310191876
membrana-megaflex,12,prophet_base,2,2024-12-01,2025-07-01,7969.325,8245.065330972047,275.74033097204756,3.4600211557697493
membrana-megaflex,12,prophet_base,2,2024-12-01,2025-08-01,8120.7425,8476.96302427047,356.22052427046947,4.386551159213205
membrana-megaflex,12,prophet_base,2,2024-12-01,2025-09-01,8016.25,8708.860717568894,692.610717568894,8.640083799393656
membrana-megaflex,12,prophet_base,2,2024-12-01,2025-10-01,8200.623,8933.277840115757,732.6548401157579,8.934136346906302
membrana-megaflex,12,prophet_base,2,2024-12-01,2025-11-01,8405.639,9165.175533414182,759.5365334141825,9.036035611500596
membrana-megaflex,12,prophet_base,2,2024-12-01,2025-12-01,8328.8835,9389.592655961043,1060.7091559610435,12.735310272511837
membrana-megaflex,12,prophet_ipim_icc_var_general,1,2023-12-01,2024-01-01,3037.3725,2992.929425899576,44.44307410042393,1.463207891044774
membrana-megaflex,12,prophet_ipim_icc_var_general,1,2023-12-01,2024-02-01,5296.714,3408.0087549106283,1888.7052450893716,35.658056015283655
membrana-megaflex,12,prophet_ipim_icc_var_general,1,2023-12-01,2024-03-01,5296.714,3870.974077292115,1425.739922707885,26.91744207272443
membrana-megaflex,12,prophet_ipim_icc_var_general,1,2023-12-01,2024-04-01,5762.8245,4389.559507201262,1373.2649927987377,23.82972087383084
membrana-megaflex,12,prophet_ipim_icc_var_general,1,2023-12-01,2024-05-01,6004.8635,4969.069852652436,1035.7936473475647,17.24924550487392
membrana-megaflex,12,prophet_ipim_icc_var_general,1,2023-12-01,2024-06-01,6280.8445,5617.870044610796,662.9744553892042,10.55549863380958
membrana-megaflex,12,prophet_ipim_icc_var_general,1,2023-12-01,2024-07-01,6532.0785,6343.432339471085,188.64616052891506,2.8879959193527003
membrana-megaflex,12,prophet_ipim_icc_var_general,1,2023-12-01,2024-08-01,6806.4255,7156.047843844952,349.6223438449515,5.1366512987610236
membrana-megaflex,12,prophet_ipim_icc_var_general,1,2023-12-01,2024-09-01,7044.651,8065.799396351927,1021.1483963519267,14.495372394628589
membrana-megaflex,12,prophet_ipim_icc_var_general,1,2023-12-01,2024-10-01,7234.856,9084.050894105223,1849.1948941052233,25.55952591323481
membrana-megaflex,12,prophet_ipim_icc_var_general,1,2023-12-01,2024-11-01,7408.5,10224.953514170076,2816.4535141700762,38.01651500533274
membrana-megaflex,12,prophet_ipim_icc_var_general,1,2023-12-01,2024-12-01,7608.5225,11502.469503088107,3893.9470030881066,51.17875386565666
membrana-megaflex,12,prophet_ipim_icc_var_general,2,2024-12-01,2025-01-01,7775.9095,7082.228031011782,693.6814689882176,8.92090460914209
membrana-megaflex,12,prophet_ipim_icc_var_general,2,2024-12-01,2025-02-01,7820.7315,7331.487195310907,489.24430468909304,6.2557358565383945
membrana-megaflex,12,prophet_ipim_icc_var_general,2,2024-12-01,2025-03-01,7820.7315,7587.824482949727,232.90701705027277,2.978072026258321
membrana-megaflex,12,prophet_ipim_icc_var_general,2,2024-12-01,2025-04-01,7820.7315,7852.901882849528,32.17038284952832,0.4113474915936997
membrana-megaflex,12,prophet_ipim_icc_var_general,2,2024-12-01,2025-05-01,7820.7315,8126.036798415107,305.30529841510725,3.9037946567416006
membrana-megaflex,12,prophet_ipim_icc_var_general,2,2024-12-01,2025-06-01,7820.7315,8407.966532097755,587.2350320977548,7.508697007405954
membrana-megaflex,12,prophet_ipim_icc_var_general,2,2024-12-01,2025-07-01,7969.325,8698.495911977441,729.1709119774414,9.149719856793912
membrana-megaflex,12,prophet_ipim_icc_var_general,2,2024-12-01,2025-08-01,8120.7425,8998.379680553615,877.6371805536146,10.80735142819286
membrana-megaflex,12,prophet_ipim_icc_var_general,2,2024-12-01,2025-09-01,8016.25,9307.675931080525,1291.4259310805246,16.110100496872285
membrana-megaflex,12,prophet_ipim_icc_var_general,2,2024-12-01,2025-10-01,8200.623,9626.452193960668,1425.829193960668,17.38683992619424
membrana-megaflex,12,prophet_ipim_icc_var_general,2,2024-12-01,2025-11-01,8405.639,9955.491532600154,1549.8525326001545,18.438247616869514
membrana-megaflex,12,prophet_ipim_icc_var_general,2,2024-12-01,2025-12-01,8328.8835,10294.646008139127,1965.762508139127,23.60175296171602
membrana-megaflex,12,prophet_ipim_icc_var_materials,1,2023-12-01,2024-01-01,3037.3725,3006.2168315320373,31.15566846796264,1.0257440754455585
membrana-megaflex,12,prophet_ipim_icc_var_materials,1,2023-12-01,2024-02-01,5296.714,3450.7399651579626,1845.9740348420373,34.85130658068451
membrana-megaflex,12,prophet_ipim_icc_var_materials,1,2023-12-01,2024-03-01,5296.714,3947.777943693558,1348.936056306442,25.467413500265295
membrana-megaflex,12,prophet_ipim_icc_var_materials,1,2023-12-01,2024-04-01,5762.8245,4504.857360163182,1257.9671398368173,21.829003118814693
membrana-megaflex,12,prophet_ipim_icc_var_materials,1,2023-12-01,2024-05-01,6004.8635,5128.409677043361,876.4538229566397,14.595732658313377
membrana-megaflex,12,prophet_ipim_icc_var_materials,1,2023-12-01,2024-06-01,6280.8445,5827.089341812027,453.7551581879734,7.22442910643582
membrana-megaflex,12,prophet_ipim_icc_var_materials,1,2023-12-01,2024-07-01,6532.0785,6609.463838108959,77.38533810895933,1.1846970012525009
membrana-megaflex,12,prophet_ipim_icc_var_materials,1,2023-12-01,2024-08-01,6806.4255,7486.282206571256,679.8567065712559,9.988454388742754
membrana-megaflex,12,prophet_ipim_icc_var_materials,1,2023-12-01,2024-09-01,7044.651,8468.729831793533,1424.078831793533,20.21503736371799
membrana-megaflex,12,prophet_ipim_icc_var_materials,1,2023-12-01,2024-10-01,7234.856,9569.385167773107,2334.5291677731075,32.26780419365786
membrana-megaflex,12,prophet_ipim_icc_var_materials,1,2023-12-01,2024-11-01,7408.5,10803.19483556022,3394.69483556022,45.821621590878316
membrana-megaflex,12,prophet_ipim_icc_var_materials,1,2023-12-01,2024-12-01,7608.5225,12185.783769131265,4577.261269131265,60.159660027702685
membrana-megaflex,12,prophet_ipim_icc_var_materials,2,2024-12-01,2025-01-01,7775.9095,7359.903972752125,416.00552724787485,5.3499275840064096
membrana-megaflex,12,prophet_ipim_icc_var_materials,2,2024-12-01,2025-02-01,7820.7315,7605.763006849789,214.96849315021063,2.7487005934190507
membrana-megaflex,12,prophet_ipim_icc_var_materials,2,2024-12-01,2025-03-01,7820.7315,7859.268618971855,38.53711897185531,0.4927559394137915
membrana-megaflex,12,prophet_ipim_icc_var_materials,2,2024-12-01,2025-04-01,7820.7315,8121.067268276518,300.33576827651814,3.840251621942502
membrana-megaflex,12,prophet_ipim_icc_var_materials,2,2024-12-01,2025-05-01,7820.7315,8391.156642243295,570.4251422432953,7.293756885059861
membrana-megaflex,12,prophet_ipim_icc_var_materials,2,2024-12-01,2025-06-01,7820.7315,8669.936939983323,849.2054399833232,10.858388885788028
membrana-megaflex,12,prophet_ipim_icc_var_materials,2,2024-12-01,2025-07-01,7969.325,8957.55425289968,988.2292528996795,12.400413496747586
membrana-megaflex,12,prophet_ipim_icc_var_materials,2,2024-12-01,2025-08-01,8120.7425,9254.426353976076,1133.6838539760756,13.96034727090627
membrana-megaflex,12,prophet_ipim_icc_var_materials,2,2024-12-01,2025-09-01,8016.25,9560.783162716778,1544.533162716778,19.26752736899146
membrana-megaflex,12,prophet_ipim_icc_var_materials,2,2024-12-01,2025-10-01,8200.623,9876.864108189291,1676.2411081892915,20.440411761268525
membrana-megaflex,12,prophet_ipim_icc_var_materials,2,2024-12-01,2025-11-01,8405.639,10203.115501601551,1797.4765016015517,21.38417438105005
membrana-megaflex,12,prophet_ipim_icc_var_materials,2,2024-12-01,2025-12-01,8328.8835,10539.731029854851,2210.847529854851,26.54434450733824
